cell_id,lat,lon,slab2_covered,slab2_node_count,slab2_regions,slab2_depth_km,slab2_dip_deg,slab2_strike_deg,slab2_uncertainty_km,slab2_strike_coherence,Q_slab,A_slab,G_slab
0,-57.5,-177.5,False,0,,,,,,0.0,0.0,0.5,1.0
1,-57.5,-172.5,False,0,,,,,,0.0,0.0,0.5,1.0
2,-57.5,-167.5,False,0,,,,,,0.0,0.0,0.5,1.0
3,-57.5,-162.5,False,0,,,,,,0.0,0.0,0.5,1.0
4,-57.5,-157.5,False,0,,,,,,0.0,0.0,0.5,1.0
5,-57.5,-152.5,False,0,,,,,,0.0,0.0,0.5,1.0
6,-57.5,-147.5,False,0,,,,,,0.0,0.0,0.5,1.0
7,-57.5,-142.5,False,0,,,,,,0.0,0.0,0.5,1.0
8,-57.5,-137.5,False,0,,,,,,0.0,0.0,0.5,1.0
9,-57.5,-132.5,False,0,,,,,,0.0,0.0,0.5,1.0
10,-57.5,-127.5,False,0,,,,,,0.0,0.0,0.5,1.0
11,-57.5,-122.5,False,0,,,,,,0.0,0.0,0.5,1.0
12,-57.5,-117.5,False,0,,,,,,0.0,0.0,0.5,1.0
13,-57.5,-112.5,False,0,,,,,,0.0,0.0,0.5,1.0
14,-57.5,-107.5,False,0,,,,,,0.0,0.0,0.5,1.0
15,-57.5,-102.5,False,0,,,,,,0.0,0.0,0.5,1.0
16,-57.5,-97.5,False,0,,,,,,0.0,0.0,0.5,1.0
17,-57.5,-92.5,False,0,,,,,,0.0,0.0,0.5,1.0
18,-57.5,-87.5,False,0,,,,,,0.0,0.0,0.5,1.0
19,-57.5,-82.5,False,0,,,,,,0.0,0.0,0.5,1.0
20,-57.5,-77.5,False,0,,,,,,0.0,0.0,0.5,1.0
21,-57.5,-72.5,False,0,,,,,,0.0,0.0,0.5,1.0
22,-57.5,-67.5,False,0,,,,,,0.0,0.0,0.5,1.0
23,-57.5,97.5,False,0,,,,,,0.0,0.0,0.5,1.0
24,-57.5,102.5,False,0,,,,,,0.0,0.0,0.5,1.0
25,-57.5,107.5,False,0,,,,,,0.0,0.0,0.5,1.0
26,-57.5,112.5,False,0,,,,,,0.0,0.0,0.5,1.0
27,-57.5,117.5,False,0,,,,,,0.0,0.0,0.5,1.0
28,-57.5,122.5,False,0,,,,,,0.0,0.0,0.5,1.0
29,-57.5,127.5,False,0,,,,,,0.0,0.0,0.5,1.0
30,-57.5,132.5,False,0,,,,,,0.0,0.0,0.5,1.0
31,-57.5,137.5,False,0,,,,,,0.0,0.0,0.5,1.0
32,-57.5,142.5,False,0,,,,,,0.0,0.0,0.5,1.0
33,-57.5,147.5,False,0,,,,,,0.0,0.0,0.5,1.0
34,-57.5,152.5,False,0,,,,,,0.0,0.0,0.5,1.0
35,-57.5,157.5,False,0,,,,,,0.0,0.0,0.5,1.0
36,-57.5,162.5,False,0,,,,,,0.0,0.0,0.5,1.0
37,-57.5,167.5,False,0,,,,,,0.0,0.0,0.5,1.0
38,-57.5,172.5,False,0,,,,,,0.0,0.0,0.5,1.0
39,-57.5,177.5,False,0,,,,,,0.0,0.0,0.5,1.0
40,-52.5,-177.5,False,0,,,,,,0.0,0.0,0.5,1.0
41,-52.5,-172.5,False,0,,,,,,0.0,0.0,0.5,1.0
42,-52.5,-167.5,False,0,,,,,,0.0,0.0,0.5,1.0
43,-52.5,-162.5,False,0,,,,,,0.0,0.0,0.5,1.0
44,-52.5,-157.5,False,0,,,,,,0.0,0.0,0.5,1.0
45,-52.5,-152.5,False,0,,,,,,0.0,0.0,0.5,1.0
46,-52.5,-147.5,False,0,,,,,,0.0,0.0,0.5,1.0
47,-52.5,-142.5,False,0,,,,,,0.0,0.0,0.5,1.0
48,-52.5,-137.5,False,0,,,,,,0.0,0.0,0.5,1.0
49,-52.5,-132.5,False,0,,,,,,0.0,0.0,0.5,1.0
50,-52.5,-127.5,False,0,,,,,,0.0,0.0,0.5,1.0
51,-52.5,-122.5,False,0,,,,,,0.0,0.0,0.5,1.0
52,-52.5,-117.5,False,0,,,,,,0.0,0.0,0.5,1.0
53,-52.5,-112.5,False,0,,,,,,0.0,0.0,0.5,1.0
54,-52.5,-107.5,False,0,,,,,,0.0,0.0,0.5,1.0
55,-52.5,-102.5,False,0,,,,,,0.0,0.0,0.5,1.0
56,-52.5,-97.5,False,0,,,,,,0.0,0.0,0.5,1.0
57,-52.5,-92.5,False,0,,,,,,0.0,0.0,0.5,1.0
58,-52.5,-87.5,False,0,,,,,,0.0,0.0,0.5,1.0
59,-52.5,-82.5,False,0,,,,,,0.0,0.0,0.5,1.0
60,-52.5,-77.5,False,0,,,,,,0.0,0.0,0.5,1.0
61,-52.5,-72.5,False,0,,,,,,0.0,0.0,0.5,1.0
62,-52.5,-67.5,False,0,,,,,,0.0,0.0,0.5,1.0
63,-52.5,97.5,False,0,,,,,,0.0,0.0,0.5,1.0
64,-52.5,102.5,False,0,,,,,,0.0,0.0,0.5,1.0
65,-52.5,107.5,False,0,,,,,,0.0,0.0,0.5,1.0
66,-52.5,112.5,False,0,,,,,,0.0,0.0,0.5,1.0
67,-52.5,117.5,False,0,,,,,,0.0,0.0,0.5,1.0
68,-52.5,122.5,False,0,,,,,,0.0,0.0,0.5,1.0
69,-52.5,127.5,False,0,,,,,,0.0,0.0,0.5,1.0
70,-52.5,132.5,False,0,,,,,,0.0,0.0,0.5,1.0
71,-52.5,137.5,False,0,,,,,,0.0,0.0,0.5,1.0
72,-52.5,142.5,False,0,,,,,,0.0,0.0,0.5,1.0
73,-52.5,147.5,False,0,,,,,,0.0,0.0,0.5,1.0
74,-52.5,152.5,False,0,,,,,,0.0,0.0,0.5,1.0
75,-52.5,157.5,False,0,,,,,,0.0,0.0,0.5,1.0
76,-52.5,162.5,True,10,puy,3.5338554143909993,1.5583451390262997,157.59406449134406,1.9482762336730004,0.9776589005219326,0.6141366650443951,0.004450789011461549,0.6956650601981177
77,-52.5,167.5,False,0,,,,,,0.0,0.0,0.5,1.0
78,-52.5,172.5,False,0,,,,,,0.0,0.0,0.5,1.0
79,-52.5,177.5,False,0,,,,,,0.0,0.0,0.5,1.0
80,-47.5,-177.5,False,0,,,,,,0.0,0.0,0.5,1.0
81,-47.5,-172.5,False,0,,,,,,0.0,0.0,0.5,1.0
82,-47.5,-167.5,False,0,,,,,,0.0,0.0,0.5,1.0
83,-47.5,-162.5,False,0,,,,,,0.0,0.0,0.5,1.0
84,-47.5,-157.5,False,0,,,,,,0.0,0.0,0.5,1.0
85,-47.5,-152.5,False,0,,,,,,0.0,0.0,0.5,1.0
86,-47.5,-147.5,False,0,,,,,,0.0,0.0,0.5,1.0
87,-47.5,-142.5,False,0,,,,,,0.0,0.0,0.5,1.0
88,-47.5,-137.5,False,0,,,,,,0.0,0.0,0.5,1.0
89,-47.5,-132.5,False,0,,,,,,0.0,0.0,0.5,1.0
90,-47.5,-127.5,False,0,,,,,,0.0,0.0,0.5,1.0
91,-47.5,-122.5,False,0,,,,,,0.0,0.0,0.5,1.0
92,-47.5,-117.5,False,0,,,,,,0.0,0.0,0.5,1.0
93,-47.5,-112.5,False,0,,,,,,0.0,0.0,0.5,1.0
94,-47.5,-107.5,False,0,,,,,,0.0,0.0,0.5,1.0
95,-47.5,-102.5,False,0,,,,,,0.0,0.0,0.5,1.0
96,-47.5,-97.5,False,0,,,,,,0.0,0.0,0.5,1.0
97,-47.5,-92.5,False,0,,,,,,0.0,0.0,0.5,1.0
98,-47.5,-87.5,False,0,,,,,,0.0,0.0,0.5,1.0
99,-47.5,-82.5,False,0,,,,,,0.0,0.0,0.5,1.0
100,-47.5,-77.5,True,148,sam,11.14329798479064,9.144352780805642,27.991893787035156,3.3297724756029856,0.957615257593154,0.5940035209554622,0.29885337227306435,0.8805181949018827
101,-47.5,-72.5,True,28,sam,21.365929671685713,15.932840211046425,20.32502356600701,2.7996289134025,0.9985519207464613,0.6193963098196986,0.4721346784810263,0.9827403226792083
102,-47.5,-67.5,False,0,,,,,,0.0,0.0,0.5,1.0
103,-47.5,97.5,False,0,,,,,,0.0,0.0,0.5,1.0
104,-47.5,102.5,False,0,,,,,,0.0,0.0,0.5,1.0
105,-47.5,107.5,False,0,,,,,,0.0,0.0,0.5,1.0
106,-47.5,112.5,False,0,,,,,,0.0,0.0,0.5,1.0
107,-47.5,117.5,False,0,,,,,,0.0,0.0,0.5,1.0
108,-47.5,122.5,False,0,,,,,,0.0,0.0,0.5,1.0
109,-47.5,127.5,False,0,,,,,,0.0,0.0,0.5,1.0
110,-47.5,132.5,False,0,,,,,,0.0,0.0,0.5,1.0
111,-47.5,137.5,False,0,,,,,,0.0,0.0,0.5,1.0
112,-47.5,142.5,False,0,,,,,,0.0,0.0,0.5,1.0
113,-47.5,147.5,False,0,,,,,,0.0,0.0,0.5,1.0
114,-47.5,152.5,False,0,,,,,,0.0,0.0,0.5,1.0
115,-47.5,157.5,False,0,,,,,,0.0,0.0,0.5,1.0
116,-47.5,162.5,True,4852,puy,14.365302536093465,23.32162890563263,14.26679374960631,4.362777353792173,0.9435930655775733,0.5927375060396413,0.420810093762483,0.9530611724732612
117,-47.5,167.5,True,13288,puy,37.41483921133374,32.851357757898704,28.167683493578664,7.758192819059307,0.8870277467530486,0.3692656727174663,0.6519432232529673,1.0561074165493671
118,-47.5,172.5,False,0,,,,,,0.0,0.0,0.5,1.0
119,-47.5,177.5,False,0,,,,,,0.0,0.0,0.5,1.0
120,-42.5,-177.5,False,0,,,,,,0.0,0.0,0.5,1.0
121,-42.5,-172.5,False,0,,,,,,0.0,0.0,0.5,1.0
122,-42.5,-167.5,False,0,,,,,,0.0,0.0,0.5,1.0
123,-42.5,-162.5,False,0,,,,,,0.0,0.0,0.5,1.0
124,-42.5,-157.5,False,0,,,,,,0.0,0.0,0.5,1.0
125,-42.5,-152.5,False,0,,,,,,0.0,0.0,0.5,1.0
126,-42.5,-147.5,False,0,,,,,,0.0,0.0,0.5,1.0
127,-42.5,-142.5,False,0,,,,,,0.0,0.0,0.5,1.0
128,-42.5,-137.5,False,0,,,,,,0.0,0.0,0.5,1.0
129,-42.5,-132.5,False,0,,,,,,0.0,0.0,0.5,1.0
130,-42.5,-127.5,False,0,,,,,,0.0,0.0,0.5,1.0
131,-42.5,-122.5,False,0,,,,,,0.0,0.0,0.5,1.0
132,-42.5,-117.5,False,0,,,,,,0.0,0.0,0.5,1.0
133,-42.5,-112.5,False,0,,,,,,0.0,0.0,0.5,1.0
134,-42.5,-107.5,False,0,,,,,,0.0,0.0,0.5,1.0
135,-42.5,-102.5,False,0,,,,,,0.0,0.0,0.5,1.0
136,-42.5,-97.5,False,0,,,,,,0.0,0.0,0.5,1.0
137,-42.5,-92.5,False,0,,,,,,0.0,0.0,0.5,1.0
138,-42.5,-87.5,False,0,,,,,,0.0,0.0,0.5,1.0
139,-42.5,-82.5,False,0,,,,,,0.0,0.0,0.5,1.0
140,-42.5,-77.5,True,936,sam,8.787428592005346,6.373539841073123,6.603085908150818,3.984893300085065,0.9942123081253676,0.6167044717813271,0.19909186582069924,0.8144286080562496
141,-42.5,-72.5,True,7133,sam,60.394874165448776,23.91243861191997,5.406415121291505,8.2154047981981,0.9954562981973397,0.3610298023088226,0.6281894376461117,1.0462802073314548
142,-42.5,-67.5,True,884,sam,487.02565284531477,25.554631889224705,8.240628581173723,13.986816834969934,0.9769829205837824,0.14342716017330914,0.6665029599667038,1.0238810467084745
143,-42.5,97.5,False,0,,,,,,0.0,0.0,0.5,1.0
144,-42.5,102.5,False,0,,,,,,0.0,0.0,0.5,1.0
145,-42.5,107.5,False,0,,,,,,0.0,0.0,0.5,1.0
146,-42.5,112.5,False,0,,,,,,0.0,0.0,0.5,1.0
147,-42.5,117.5,False,0,,,,,,0.0,0.0,0.5,1.0
148,-42.5,122.5,False,0,,,,,,0.0,0.0,0.5,1.0
149,-42.5,127.5,False,0,,,,,,0.0,0.0,0.5,1.0
150,-42.5,132.5,False,0,,,,,,0.0,0.0,0.5,1.0
151,-42.5,137.5,False,0,,,,,,0.0,0.0,0.5,1.0
152,-42.5,142.5,False,0,,,,,,0.0,0.0,0.5,1.0
153,-42.5,147.5,False,0,,,,,,0.0,0.0,0.5,1.0
154,-42.5,152.5,False,0,,,,,,0.0,0.0,0.5,1.0
155,-42.5,157.5,False,0,,,,,,0.0,0.0,0.5,1.0
156,-42.5,162.5,False,0,,,,,,0.0,0.0,0.5,1.0
157,-42.5,167.5,True,786,"ker,puy",55.1615883016954,39.15650394049508,36.73847059887401,6.317876761018073,0.9229236070271296,0.5602209204650624,0.719914835892706,1.123200891787735
158,-42.5,172.5,True,4245,ker,75.35871289769361,38.12961918896082,47.9466004212835,7.840153011720506,0.8135482008951817,0.3070135280789152,0.7188623454464063,1.0671937008391275
159,-42.5,177.5,True,2346,ker,13.683030217007273,6.582954596162119,39.54360715526239,4.388284011929384,0.8667057440911671,0.5444391443342967,0.20971365604741146,0.8419567512865214
160,-37.5,-177.5,True,735,ker,8.156693713896672,4.658887643862049,31.11065391906783,7.217201633800712,0.9562041582328875,0.41691803315184517,0.14619652430686828,0.8524929507917328
161,-37.5,-172.5,False,0,,,,,,0.0,0.0,0.5,1.0
162,-37.5,-167.5,False,0,,,,,,0.0,0.0,0.5,1.0
163,-37.5,-162.5,False,0,,,,,,0.0,0.0,0.5,1.0
164,-37.5,-157.5,False,0,,,,,,0.0,0.0,0.5,1.0
165,-37.5,-152.5,False,0,,,,,,0.0,0.0,0.5,1.0
166,-37.5,-147.5,False,0,,,,,,0.0,0.0,0.5,1.0
167,-37.5,-142.5,False,0,,,,,,0.0,0.0,0.5,1.0
168,-37.5,-137.5,False,0,,,,,,0.0,0.0,0.5,1.0
169,-37.5,-132.5,False,0,,,,,,0.0,0.0,0.5,1.0
170,-37.5,-127.5,False,0,,,,,,0.0,0.0,0.5,1.0
171,-37.5,-122.5,False,0,,,,,,0.0,0.0,0.5,1.0
172,-37.5,-117.5,False,0,,,,,,0.0,0.0,0.5,1.0
173,-37.5,-112.5,False,0,,,,,,0.0,0.0,0.5,1.0
174,-37.5,-107.5,False,0,,,,,,0.0,0.0,0.5,1.0
175,-37.5,-102.5,False,0,,,,,,0.0,0.0,0.5,1.0
176,-37.5,-97.5,False,0,,,,,,0.0,0.0,0.5,1.0
177,-37.5,-92.5,False,0,,,,,,0.0,0.0,0.5,1.0
178,-37.5,-87.5,False,0,,,,,,0.0,0.0,0.5,1.0
179,-37.5,-82.5,False,0,,,,,,0.0,0.0,0.5,1.0
180,-37.5,-77.5,True,29,sam,7.017984538243104,4.6553455385668965,3.6601279182059403,5.89487220501069,0.9998139011610319,0.620179109387362,0.15530161727956165,0.7862252639971745
181,-37.5,-72.5,True,9032,sam,39.847129106758196,16.654200297650423,11.491713928087346,12.648371275016789,0.9695501316187597,0.1481765394436852,0.5042786540320753,1.0006339961479498
182,-37.5,-67.5,True,10000,sam,391.1789242123346,31.933241220108044,28.530036441610264,23.95487502218988,0.8918112540583115,0.04072637217517384,0.8339757971181168,1.0136016226109328
183,-37.5,97.5,False,0,,,,,,0.0,0.0,0.5,1.0
184,-37.5,102.5,False,0,,,,,,0.0,0.0,0.5,1.0
185,-37.5,107.5,False,0,,,,,,0.0,0.0,0.5,1.0
186,-37.5,112.5,False,0,,,,,,0.0,0.0,0.5,1.0
187,-37.5,117.5,False,0,,,,,,0.0,0.0,0.5,1.0
188,-37.5,122.5,False,0,,,,,,0.0,0.0,0.5,1.0
189,-37.5,127.5,False,0,,,,,,0.0,0.0,0.5,1.0
190,-37.5,132.5,False,0,,,,,,0.0,0.0,0.5,1.0
191,-37.5,137.5,False,0,,,,,,0.0,0.0,0.5,1.0
192,-37.5,142.5,False,0,,,,,,0.0,0.0,0.5,1.0
193,-37.5,147.5,False,0,,,,,,0.0,0.0,0.5,1.0
194,-37.5,152.5,False,0,,,,,,0.0,0.0,0.5,1.0
195,-37.5,157.5,False,0,,,,,,0.0,0.0,0.5,1.0
196,-37.5,162.5,False,0,,,,,,0.0,0.0,0.5,1.0
197,-37.5,167.5,False,0,,,,,,0.0,0.0,0.5,1.0
198,-37.5,172.5,True,976,ker,200.1170012755506,65.36927968469152,42.402246882378904,16.56298627350597,0.9939188018822877,0.10622973498549547,0.7459796537098711,1.0261303534254236
199,-37.5,177.5,True,7937,ker,23.169467622387945,12.519592016319745,29.510384927553115,7.093233715823369,0.9624048027066481,0.35775107958369917,0.33856617164159697,0.9422468736234517
200,-32.5,-177.5,True,4920,ker,25.210865762751883,13.87777100733085,22.347274927639987,14.048290303357886,0.9955826840859915,0.1203601042503341,0.3445773987591291,0.9812933195117907
201,-32.5,-172.5,False,0,,,,,,0.0,0.0,0.5,1.0
202,-32.5,-167.5,False,0,,,,,,0.0,0.0,0.5,1.0
203,-32.5,-162.5,False,0,,,,,,0.0,0.0,0.5,1.0
204,-32.5,-157.5,False,0,,,,,,0.0,0.0,0.5,1.0
205,-32.5,-152.5,False,0,,,,,,0.0,0.0,0.5,1.0
206,-32.5,-147.5,False,0,,,,,,0.0,0.0,0.5,1.0
207,-32.5,-142.5,False,0,,,,,,0.0,0.0,0.5,1.0
208,-32.5,-137.5,False,0,,,,,,0.0,0.0,0.5,1.0
209,-32.5,-132.5,False,0,,,,,,0.0,0.0,0.5,1.0
210,-32.5,-127.5,False,0,,,,,,0.0,0.0,0.5,1.0
211,-32.5,-122.5,False,0,,,,,,0.0,0.0,0.5,1.0
212,-32.5,-117.5,False,0,,,,,,0.0,0.0,0.5,1.0
213,-32.5,-112.5,False,0,,,,,,0.0,0.0,0.5,1.0
214,-32.5,-107.5,False,0,,,,,,0.0,0.0,0.5,1.0
215,-32.5,-102.5,False,0,,,,,,0.0,0.0,0.5,1.0
216,-32.5,-97.5,False,0,,,,,,0.0,0.0,0.5,1.0
217,-32.5,-92.5,False,0,,,,,,0.0,0.0,0.5,1.0
218,-32.5,-87.5,False,0,,,,,,0.0,0.0,0.5,1.0
219,-32.5,-82.5,False,0,,,,,,0.0,0.0,0.5,1.0
220,-32.5,-77.5,False,0,,,,,,0.0,0.0,0.5,1.0
221,-32.5,-72.5,True,5729,sam,30.786248492737307,15.202329064295599,9.4917014086143,11.689204985268645,0.9519332107782957,0.18391290959982845,0.48329532901288885,0.9969277953548525
222,-32.5,-67.5,True,10000,sam,144.39072848999842,21.08469236969667,28.117432946087902,28.787744719297734,0.5945587880243955,0.020225804510646254,0.5358637296521744,1.0007253727849676
223,-32.5,97.5,False,0,,,,,,0.0,0.0,0.5,1.0
224,-32.5,102.5,False,0,,,,,,0.0,0.0,0.5,1.0
225,-32.5,107.5,False,0,,,,,,0.0,0.0,0.5,1.0
226,-32.5,112.5,False,0,,,,,,0.0,0.0,0.5,1.0
227,-32.5,117.5,False,0,,,,,,0.0,0.0,0.5,1.0
228,-32.5,122.5,False,0,,,,,,0.0,0.0,0.5,1.0
229,-32.5,127.5,False,0,,,,,,0.0,0.0,0.5,1.0
230,-32.5,132.5,False,0,,,,,,0.0,0.0,0.5,1.0
231,-32.5,137.5,False,0,,,,,,0.0,0.0,0.5,1.0
232,-32.5,142.5,False,0,,,,,,0.0,0.0,0.5,1.0
233,-32.5,147.5,False,0,,,,,,0.0,0.0,0.5,1.0
234,-32.5,152.5,False,0,,,,,,0.0,0.0,0.5,1.0
235,-32.5,157.5,False,0,,,,,,0.0,0.0,0.5,1.0
236,-32.5,162.5,False,0,,,,,,0.0,0.0,0.5,1.0
237,-32.5,167.5,False,0,,,,,,0.0,0.0,0.5,1.0
238,-32.5,172.5,False,0,,,,,,0.0,0.0,0.5,1.0
239,-32.5,177.5,True,2599,ker,211.64653676159708,57.20244210178668,25.661925035061042,32.18899941076034,0.9872760078993937,0.027776541847014165,0.952816429870955,1.0125776745133261
240,-27.5,-177.5,True,8605,ker,63.159741254175955,19.45021381373005,13.542322142126674,15.397221100229252,0.9403190881878641,0.08810461883305347,0.43857554174318886,0.9945882215182569
241,-27.5,-172.5,False,0,,,,,,0.0,0.0,0.5,1.0
242,-27.5,-167.5,False,0,,,,,,0.0,0.0,0.5,1.0
243,-27.5,-162.5,False,0,,,,,,0.0,0.0,0.5,1.0
244,-27.5,-157.5,False,0,,,,,,0.0,0.0,0.5,1.0
245,-27.5,-152.5,False,0,,,,,,0.0,0.0,0.5,1.0
246,-27.5,-147.5,False,0,,,,,,0.0,0.0,0.5,1.0
247,-27.5,-142.5,False,0,,,,,,0.0,0.0,0.5,1.0
248,-27.5,-137.5,False,0,,,,,,0.0,0.0,0.5,1.0
249,-27.5,-132.5,False,0,,,,,,0.0,0.0,0.5,1.0
250,-27.5,-127.5,False,0,,,,,,0.0,0.0,0.5,1.0
251,-27.5,-122.5,False,0,,,,,,0.0,0.0,0.5,1.0
252,-27.5,-117.5,False,0,,,,,,0.0,0.0,0.5,1.0
253,-27.5,-112.5,False,0,,,,,,0.0,0.0,0.5,1.0
254,-27.5,-107.5,False,0,,,,,,0.0,0.0,0.5,1.0
255,-27.5,-102.5,False,0,,,,,,0.0,0.0,0.5,1.0
256,-27.5,-97.5,False,0,,,,,,0.0,0.0,0.5,1.0
257,-27.5,-92.5,False,0,,,,,,0.0,0.0,0.5,1.0
258,-27.5,-87.5,False,0,,,,,,0.0,0.0,0.5,1.0
259,-27.5,-82.5,False,0,,,,,,0.0,0.0,0.5,1.0
260,-27.5,-77.5,False,0,,,,,,0.0,0.0,0.5,1.0
261,-27.5,-72.5,True,3975,sam,22.054991606225137,13.621821685449989,8.157292084984496,10.234193159223482,0.9816786280483016,0.23384044475923058,0.42750867765001827,0.9830485969404955
262,-27.5,-67.5,True,10000,sam,123.2813030462061,18.85538790654897,175.14439903325155,23.860249955926363,0.8146846770984685,0.04196233830398364,0.5238659764138881,1.0010014721762344
263,-27.5,97.5,False,0,,,,,,0.0,0.0,0.5,1.0
264,-27.5,102.5,False,0,,,,,,0.0,0.0,0.5,1.0
265,-27.5,107.5,False,0,,,,,,0.0,0.0,0.5,1.0
266,-27.5,112.5,False,0,,,,,,0.0,0.0,0.5,1.0
267,-27.5,117.5,False,0,,,,,,0.0,0.0,0.5,1.0
268,-27.5,122.5,False,0,,,,,,0.0,0.0,0.5,1.0
269,-27.5,127.5,False,0,,,,,,0.0,0.0,0.5,1.0
270,-27.5,132.5,False,0,,,,,,0.0,0.0,0.5,1.0
271,-27.5,137.5,False,0,,,,,,0.0,0.0,0.5,1.0
272,-27.5,142.5,False,0,,,,,,0.0,0.0,0.5,1.0
273,-27.5,147.5,False,0,,,,,,0.0,0.0,0.5,1.0
274,-27.5,152.5,False,0,,,,,,0.0,0.0,0.5,1.0
275,-27.5,157.5,False,0,,,,,,0.0,0.0,0.5,1.0
276,-27.5,162.5,False,0,,,,,,0.0,0.0,0.5,1.0
277,-27.5,167.5,False,0,,,,,,0.0,0.0,0.5,1.0
278,-27.5,172.5,False,0,,,,,,0.0,0.0,0.5,1.0
279,-27.5,177.5,True,4824,ker,548.4640227613779,49.46528004758312,3.3421757437642086,18.122062017136884,0.9841989013074132,0.07711990341495198,0.8888513762017721,1.0299881805754518
280,-22.5,-177.5,True,9936,ker,131.50414962070136,28.590094324974128,15.547246903625778,20.34275887743412,0.9497389511733573,0.051566809412442315,0.6597431270047619,1.0082374433852022
281,-22.5,-172.5,True,1541,ker,14.61596752014015,8.537104136561496,21.321844548008446,13.414013838559882,0.9823094581607124,0.14848627187535302,0.2691480483299476,0.9657216543413647
282,-22.5,-167.5,False,0,,,,,,0.0,0.0,0.5,1.0
283,-22.5,-162.5,False,0,,,,,,0.0,0.0,0.5,1.0
284,-22.5,-157.5,False,0,,,,,,0.0,0.0,0.5,1.0
285,-22.5,-152.5,False,0,,,,,,0.0,0.0,0.5,1.0
286,-22.5,-147.5,False,0,,,,,,0.0,0.0,0.5,1.0
287,-22.5,-142.5,False,0,,,,,,0.0,0.0,0.5,1.0
288,-22.5,-137.5,False,0,,,,,,0.0,0.0,0.5,1.0
289,-22.5,-132.5,False,0,,,,,,0.0,0.0,0.5,1.0
290,-22.5,-127.5,False,0,,,,,,0.0,0.0,0.5,1.0
291,-22.5,-122.5,False,0,,,,,,0.0,0.0,0.5,1.0
292,-22.5,-117.5,False,0,,,,,,0.0,0.0,0.5,1.0
293,-22.5,-112.5,False,0,,,,,,0.0,0.0,0.5,1.0
294,-22.5,-107.5,False,0,,,,,,0.0,0.0,0.5,1.0
295,-22.5,-102.5,False,0,,,,,,0.0,0.0,0.5,1.0
296,-22.5,-97.5,False,0,,,,,,0.0,0.0,0.5,1.0
297,-22.5,-92.5,False,0,,,,,,0.0,0.0,0.5,1.0
298,-22.5,-87.5,False,0,,,,,,0.0,0.0,0.5,1.0
299,-22.5,-82.5,False,0,,,,,,0.0,0.0,0.5,1.0
300,-22.5,-77.5,False,0,,,,,,0.0,0.0,0.5,1.0
301,-22.5,-72.5,True,2689,sam,20.53276982620058,12.795916098606844,1.2849316644983944,8.804422333124993,0.974734250846758,0.33795065630375876,0.397127319303006,0.9652341100427239
302,-22.5,-67.5,True,10000,sam,140.2384263308632,26.512837697328237,175.20771740555344,24.72202928059798,0.9638128798906861,0.04433607328381865,0.7021808850556887,1.0089639065364164
303,-22.5,97.5,False,0,,,,,,0.0,0.0,0.5,1.0
304,-22.5,102.5,False,0,,,,,,0.0,0.0,0.5,1.0
305,-22.5,107.5,False,0,,,,,,0.0,0.0,0.5,1.0
306,-22.5,112.5,False,0,,,,,,0.0,0.0,0.5,1.0
307,-22.5,117.5,False,0,,,,,,0.0,0.0,0.5,1.0
308,-22.5,122.5,False,0,,,,,,0.0,0.0,0.5,1.0
309,-22.5,127.5,False,0,,,,,,0.0,0.0,0.5,1.0
310,-22.5,132.5,False,0,,,,,,0.0,0.0,0.5,1.0
311,-22.5,137.5,False,0,,,,,,0.0,0.0,0.5,1.0
312,-22.5,142.5,False,0,,,,,,0.0,0.0,0.5,1.0
313,-22.5,147.5,False,0,,,,,,0.0,0.0,0.5,1.0
314,-22.5,152.5,False,0,,,,,,0.0,0.0,0.5,1.0
315,-22.5,157.5,False,0,,,,,,0.0,0.0,0.5,1.0
316,-22.5,162.5,False,0,,,,,,0.0,0.0,0.5,1.0
317,-22.5,167.5,True,1003,van,17.76053861432839,18.338913695633345,147.62372844873028,13.925405462570362,0.9820104265424988,0.13792200717247205,0.07668907934618449,0.9416161081653988
318,-22.5,172.5,True,3039,van,37.180374938080874,24.118993697602225,98.71730387173936,14.258814667369762,0.7589138687791486,0.08837748898099494,0.3856671350714294,0.9898955484896097
319,-22.5,177.5,True,2926,ker,596.7479260530047,28.533459776346,19.66718545936092,26.613881990148986,0.9382481376711627,0.03595769160631076,0.6884009009407545,1.0067744614943788
320,-17.5,-177.5,True,9763,ker,379.40584564122315,34.98146539248378,167.78609836765875,28.7280304918845,0.5773848128342157,0.019112296175822965,0.6061210495279964,1.0020282169290682
321,-17.5,-172.5,True,4930,ker,25.803129683046414,14.237570350822054,3.0575150166530807,16.27858209377429,0.8169660531780832,0.0781033724739011,0.3567554179632525,0.9888121150543157
322,-17.5,-167.5,False,0,,,,,,0.0,0.0,0.5,1.0
323,-17.5,-162.5,False,0,,,,,,0.0,0.0,0.5,1.0
324,-17.5,-157.5,False,0,,,,,,0.0,0.0,0.5,1.0
325,-17.5,-152.5,False,0,,,,,,0.0,0.0,0.5,1.0
326,-17.5,-147.5,False,0,,,,,,0.0,0.0,0.5,1.0
327,-17.5,-142.5,False,0,,,,,,0.0,0.0,0.5,1.0
328,-17.5,-137.5,False,0,,,,,,0.0,0.0,0.5,1.0
329,-17.5,-132.5,False,0,,,,,,0.0,0.0,0.5,1.0
330,-17.5,-127.5,False,0,,,,,,0.0,0.0,0.5,1.0
331,-17.5,-122.5,False,0,,,,,,0.0,0.0,0.5,1.0
332,-17.5,-117.5,False,0,,,,,,0.0,0.0,0.5,1.0
333,-17.5,-112.5,False,0,,,,,,0.0,0.0,0.5,1.0
334,-17.5,-107.5,False,0,,,,,,0.0,0.0,0.5,1.0
335,-17.5,-102.5,False,0,,,,,,0.0,0.0,0.5,1.0
336,-17.5,-97.5,False,0,,,,,,0.0,0.0,0.5,1.0
337,-17.5,-92.5,False,0,,,,,,0.0,0.0,0.5,1.0
338,-17.5,-87.5,False,0,,,,,,0.0,0.0,0.5,1.0
339,-17.5,-82.5,False,0,,,,,,0.0,0.0,0.5,1.0
340,-17.5,-77.5,True,491,sam,14.238095359018736,12.14976821002394,135.61447283655303,7.046068734629228,0.9971385518386073,0.4607266831041376,0.381603052880687,0.945451367264063
341,-17.5,-72.5,True,7029,sam,31.620451258039836,15.477302529181507,137.345601299725,11.142662765526332,0.9054210913924559,0.1616621692651213,0.4789897561050325,0.9966034383951503
342,-17.5,-67.5,True,10000,sam,281.8665262747692,40.53473731402709,144.48649294354814,18.82434914042406,0.8368098971110379,0.0670736908748709,0.9327981092412864,1.0290293665904786
343,-17.5,97.5,False,0,,,,,,0.0,0.0,0.5,1.0
344,-17.5,102.5,False,0,,,,,,0.0,0.0,0.5,1.0
345,-17.5,107.5,False,0,,,,,,0.0,0.0,0.5,1.0
346,-17.5,112.5,False,0,,,,,,0.0,0.0,0.5,1.0
347,-17.5,117.5,False,0,,,,,,0.0,0.0,0.5,1.0
348,-17.5,122.5,False,0,,,,,,0.0,0.0,0.5,1.0
349,-17.5,127.5,False,0,,,,,,0.0,0.0,0.5,1.0
350,-17.5,132.5,False,0,,,,,,0.0,0.0,0.5,1.0
351,-17.5,137.5,False,0,,,,,,0.0,0.0,0.5,1.0
352,-17.5,142.5,False,0,,,,,,0.0,0.0,0.5,1.0
353,-17.5,147.5,False,0,,,,,,0.0,0.0,0.5,1.0
354,-17.5,152.5,False,0,,,,,,0.0,0.0,0.5,1.0
355,-17.5,157.5,False,0,,,,,,0.0,0.0,0.5,1.0
356,-17.5,162.5,False,0,,,,,,0.0,0.0,0.5,1.0
357,-17.5,167.5,True,4746,van,36.33923638479483,22.168105408198144,160.2631147553469,14.380522034305754,0.9692134524028184,0.10761680682945744,0.2321722786008379,0.9711772358426126
358,-17.5,172.5,True,216,van,276.9195026572811,69.21743888333151,163.9948665781175,26.444778241728464,0.9902363658030098,0.04192352726359324,0.8001148031308315,1.0125818711312633
359,-17.5,177.5,True,1685,ker,584.5122846870241,21.92932353438794,60.04543681326905,20.501866940632983,0.576971096377771,0.038390562703962725,0.5219395892520793,1.0008422731768811
360,-12.5,-177.5,True,979,ker,262.62088073658333,42.26627453513315,151.66781205458784,27.60955723669502,0.8453572488470388,0.031864072665398334,0.6248500255034848,1.0039782302849198
361,-12.5,-172.5,True,421,ker,25.930477057453228,19.21192087012837,141.44025846697764,13.526785234895831,0.9267076390238372,0.13012805889721638,0.2824179891374837,0.9716864752755077
362,-12.5,-167.5,False,0,,,,,,0.0,0.0,0.5,1.0
363,-12.5,-162.5,False,0,,,,,,0.0,0.0,0.5,1.0
364,-12.5,-157.5,False,0,,,,,,0.0,0.0,0.5,1.0
365,-12.5,-152.5,False,0,,,,,,0.0,0.0,0.5,1.0
366,-12.5,-147.5,False,0,,,,,,0.0,0.0,0.5,1.0
367,-12.5,-142.5,False,0,,,,,,0.0,0.0,0.5,1.0
368,-12.5,-137.5,False,0,,,,,,0.0,0.0,0.5,1.0
369,-12.5,-132.5,False,0,,,,,,0.0,0.0,0.5,1.0
370,-12.5,-127.5,False,0,,,,,,0.0,0.0,0.5,1.0
371,-12.5,-122.5,False,0,,,,,,0.0,0.0,0.5,1.0
372,-12.5,-117.5,False,0,,,,,,0.0,0.0,0.5,1.0
373,-12.5,-112.5,False,0,,,,,,0.0,0.0,0.5,1.0
374,-12.5,-107.5,False,0,,,,,,0.0,0.0,0.5,1.0
375,-12.5,-102.5,False,0,,,,,,0.0,0.0,0.5,1.0
376,-12.5,-97.5,False,0,,,,,,0.0,0.0,0.5,1.0
377,-12.5,-92.5,False,0,,,,,,0.0,0.0,0.5,1.0
378,-12.5,-87.5,False,0,,,,,,0.0,0.0,0.5,1.0
379,-12.5,-82.5,True,27,sam,9.228711622733702,6.060201221043334,148.3727601517739,4.5715973818744455,0.9995745797587093,0.6200306596268842,0.20882041083334743,0.8194597272591153
380,-12.5,-77.5,True,7212,sam,29.73586265721301,12.85745129382655,143.74748568775362,8.164582767366408,0.9627898897329086,0.27865194672539495,0.42134268833473076,0.9780819869802866
381,-12.5,-72.5,True,9850,sam,153.80395049459185,27.379602903754336,152.72758250649642,18.856597878533748,0.6961872189490776,0.05664524161685164,0.5512224680991212,1.0029015090816862
382,-12.5,-67.5,True,3205,sam,504.0531180950438,54.01429325868124,118.83813400643504,17.037041083583187,0.8974585106618651,0.08797644758973874,0.9560814763750597,1.0401244281029611
383,-12.5,97.5,False,0,,,,,,0.0,0.0,0.5,1.0
384,-12.5,102.5,False,0,,,,,,0.0,0.0,0.5,1.0
385,-12.5,107.5,True,87,sum,7.918927735295876,2.7270951325866712,87.7885354249336,3.4624065147046013,0.9868121502792855,0.619886468250092,0.0799796879730614,0.7396350921843194
386,-12.5,112.5,True,1400,sum,9.944008362323887,5.198210832440137,102.0326496930619,5.989330759575079,0.9924712650120281,0.6234413582502902,0.17456631172608555,0.7971111793621093
387,-12.5,117.5,True,2672,sum,12.506979020762664,6.570756588215253,92.03404599466164,5.5824583476764165,0.969288793463396,0.6088788091273161,0.2157505671672172,0.8269265438416602
388,-12.5,122.5,True,2150,sum,13.481510280424805,8.015724106946058,75.90268805572495,4.021427624585665,0.8082735180006863,0.5077337326174185,0.23775113633932812,0.8668474055788906
389,-12.5,127.5,True,20,sum,4.874047484473555,3.312439228851488,62.54509267271858,6.819481326905991,0.9999405157256237,0.628133322616573,0.09803483258845191,0.7475122838176573
390,-12.5,132.5,False,0,,,,,,0.0,0.0,0.5,1.0
391,-12.5,137.5,False,0,,,,,,0.0,0.0,0.5,1.0
392,-12.5,142.5,False,0,,,,,,0.0,0.0,0.5,1.0
393,-12.5,147.5,False,0,,,,,,0.0,0.0,0.5,1.0
394,-12.5,152.5,False,0,,,,,,0.0,0.0,0.5,1.0
395,-12.5,157.5,True,34,sol,8.637501143594331,10.456880056681223,107.50846282053726,7.395572022917688,0.9953189323985409,0.5037223479559015,0.2241322774468547,0.8610392630702824
396,-12.5,162.5,True,1199,"sol,van",21.59466168686711,22.13883775370136,115.80809389339595,14.103156749729335,0.9238186427854169,0.11540485023082157,0.2831184547893443,0.9749708177571351
397,-12.5,167.5,True,4165,van,58.79851571315652,31.807904934267718,158.93811762100142,18.524104158221704,0.8495993858274217,0.0628864539136442,0.3692227503881312,0.99177588251933
398,-12.5,172.5,False,0,,,,,,0.0,0.0,0.5,1.0
399,-12.5,177.5,False,0,,,,,,0.0,0.0,0.5,1.0
400,-7.5,-177.5,False,0,,,,,,0.0,0.0,0.5,1.0
401,-7.5,-172.5,False,0,,,,,,0.0,0.0,0.5,1.0
402,-7.5,-167.5,False,0,,,,,,0.0,0.0,0.5,1.0
403,-7.5,-162.5,False,0,,,,,,0.0,0.0,0.5,1.0
404,-7.5,-157.5,False,0,,,,,,0.0,0.0,0.5,1.0
405,-7.5,-152.5,False,0,,,,,,0.0,0.0,0.5,1.0
406,-7.5,-147.5,False,0,,,,,,0.0,0.0,0.5,1.0
407,-7.5,-142.5,False,0,,,,,,0.0,0.0,0.5,1.0
408,-7.5,-137.5,False,0,,,,,,0.0,0.0,0.5,1.0
409,-7.5,-132.5,False,0,,,,,,0.0,0.0,0.5,1.0
410,-7.5,-127.5,False,0,,,,,,0.0,0.0,0.5,1.0
411,-7.5,-122.5,False,0,,,,,,0.0,0.0,0.5,1.0
412,-7.5,-117.5,False,0,,,,,,0.0,0.0,0.5,1.0
413,-7.5,-112.5,False,0,,,,,,0.0,0.0,0.5,1.0
414,-7.5,-107.5,False,0,,,,,,0.0,0.0,0.5,1.0
415,-7.5,-102.5,False,0,,,,,,0.0,0.0,0.5,1.0
416,-7.5,-97.5,False,0,,,,,,0.0,0.0,0.5,1.0
417,-7.5,-92.5,False,0,,,,,,0.0,0.0,0.5,1.0
418,-7.5,-87.5,False,0,,,,,,0.0,0.0,0.5,1.0
419,-7.5,-82.5,True,2752,sam,19.04487950766519,11.320106891692092,162.58121354564088,7.139438319701484,0.9615229799117675,0.4327858450252793,0.36373543780653006,0.9410266263040994
420,-7.5,-77.5,True,10000,sam,81.1937647120453,10.060584751854552,158.81157281207965,12.468687046248982,0.715099443469313,0.12981686078916427,0.31073236801105025,0.9754298701661958
421,-7.5,-72.5,True,8005,sam,342.4789560130301,52.16690480759643,155.56658697360896,13.48725321128397,0.9487082857066386,0.14207930080408473,0.9465699885147326,1.0634483517282614
422,-7.5,-67.5,False,0,,,,,,0.0,0.0,0.5,1.0
423,-7.5,97.5,False,0,,,,,,0.0,0.0,0.5,1.0
424,-7.5,102.5,True,3552,sum,16.05601652722031,7.4558501223844615,126.3636641132619,7.001410936181262,0.9504664024128158,0.4316511123599675,0.24941074035044794,0.8918328673268101
425,-7.5,107.5,True,9083,sum,34.43298229782571,12.949869795393889,111.58372727747725,8.227147309032876,0.8789615168014063,0.26011187877938197,0.3525796565711988,0.9616542175004328
426,-7.5,112.5,True,8883,sum,101.81627416919508,26.434914432876788,100.81951753255316,12.130786751758524,0.9835943745188384,0.14926945099280067,0.5687289811331158,1.0102591372810348
427,-7.5,117.5,True,7421,sum,168.763074412792,39.243391734927606,94.24323665686286,18.85351953338087,0.9683593875271403,0.07292377921876717,0.7137744163390242,1.0155892383397278
428,-7.5,122.5,True,8301,sum,154.01556890392555,28.20538303001758,75.99813884077074,13.30944459603893,0.7542909430084673,0.09344307524400755,0.5715910979443461,1.0066896923520146
429,-7.5,127.5,True,8657,sum,67.43243779937931,19.44826367343844,73.26605268995736,10.52276891540096,0.8257283519758586,0.15464739703608696,0.4284526952487052,0.9889353955552646
430,-7.5,132.5,True,3504,sum,10.949206578642777,8.377565585395937,49.235070980269704,8.22832147001983,0.7294173792323533,0.21571811116421416,0.19234006324328684,0.9336321795619402
431,-7.5,137.5,True,221,png,131.22755892303715,42.28128762815958,94.29415127395826,21.089953574983813,0.8940554168434207,0.05914839793810215,0.968286638922325,1.0276984044680741
432,-7.5,142.5,True,782,"png,sol",94.11930709580768,24.585226805240993,113.23149493153858,16.325103913500744,0.7851191444601321,0.08499341564601938,0.5513844260744167,1.004367337883075
433,-7.5,147.5,True,5683,sol,51.31305636260991,24.945650975920415,101.46583510081902,11.481981286753912,0.30077682558510466,0.052792792698641,0.4218728613688833,0.9958754501661095
434,-7.5,152.5,True,2621,sol,25.706375954003125,20.62670759770754,89.97022637612612,9.05177556659924,0.5661386862573314,0.1693898785483203,0.40372142600248984,0.9836913840437563
435,-7.5,157.5,True,2703,sol,32.52959216236356,30.219613587685696,122.11620602493518,12.551443518764737,0.9623601288996961,0.1604118987235236,0.3123012046242448,0.969890879845657
436,-7.5,162.5,True,306,sol,73.49226319380261,58.923739882239545,119.39760855398339,17.06632178391121,0.9754630859279918,0.09756255370426307,0.4674507039494589,0.9968244075560331
437,-7.5,167.5,True,144,van,170.1692814746106,64.08057308235088,127.45953323691678,20.982110882660916,0.8696696214641874,0.058301013091049084,0.3912619392352542,0.9936604608958592
438,-7.5,172.5,False,0,,,,,,0.0,0.0,0.5,1.0
439,-7.5,177.5,False,0,,,,,,0.0,0.0,0.5,1.0
440,-2.5,-177.5,False,0,,,,,,0.0,0.0,0.5,1.0
441,-2.5,-172.5,False,0,,,,,,0.0,0.0,0.5,1.0
442,-2.5,-167.5,False,0,,,,,,0.0,0.0,0.5,1.0
443,-2.5,-162.5,False,0,,,,,,0.0,0.0,0.5,1.0
444,-2.5,-157.5,False,0,,,,,,0.0,0.0,0.5,1.0
445,-2.5,-152.5,False,0,,,,,,0.0,0.0,0.5,1.0
446,-2.5,-147.5,False,0,,,,,,0.0,0.0,0.5,1.0
447,-2.5,-142.5,False,0,,,,,,0.0,0.0,0.5,1.0
448,-2.5,-137.5,False,0,,,,,,0.0,0.0,0.5,1.0
449,-2.5,-132.5,False,0,,,,,,0.0,0.0,0.5,1.0
450,-2.5,-127.5,False,0,,,,,,0.0,0.0,0.5,1.0
451,-2.5,-122.5,False,0,,,,,,0.0,0.0,0.5,1.0
452,-2.5,-117.5,False,0,,,,,,0.0,0.0,0.5,1.0
453,-2.5,-112.5,False,0,,,,,,0.0,0.0,0.5,1.0
454,-2.5,-107.5,False,0,,,,,,0.0,0.0,0.5,1.0
455,-2.5,-102.5,False,0,,,,,,0.0,0.0,0.5,1.0
456,-2.5,-97.5,False,0,,,,,,0.0,0.0,0.5,1.0
457,-2.5,-92.5,False,0,,,,,,0.0,0.0,0.5,1.0
458,-2.5,-87.5,False,0,,,,,,0.0,0.0,0.5,1.0
459,-2.5,-82.5,True,3225,sam,21.037899692199524,14.120461512815778,9.341954892041768,7.812679776037722,0.9882658464952356,0.36623808475823005,0.32777372505960584,0.9369241789207857
460,-2.5,-77.5,True,10000,sam,115.4541438145248,17.713323060952877,176.7347025635623,15.819782251570592,0.5615792524831852,0.06318928313573238,0.40782930531357553,0.9941757998766424
461,-2.5,-72.5,True,5461,sam,495.1457953110961,51.82168346946291,177.70397043230375,8.952396619816582,0.9249148753825197,0.3190277299369169,0.8597102223204245,1.1147575356619888
462,-2.5,-67.5,False,0,,,,,,0.0,0.0,0.5,1.0
463,-2.5,97.5,True,2526,sum,15.21787332109037,8.071828584624006,141.7722654940356,6.621561207153344,0.9882483970775345,0.5773293083215798,0.2676809356730068,0.8658753952821805
464,-2.5,102.5,True,8458,sum,82.9733919088622,26.06087428846682,143.16305191518572,16.030008613832216,0.9671601118535967,0.0940777429758071,0.5897972205276044,1.0084479198327378
465,-2.5,107.5,True,2069,sum,456.4295915429947,64.34775188747439,128.116890049022,24.777362537801647,0.9629496455295309,0.045879639454835794,0.7993761072805755,1.013735267863425
466,-2.5,112.5,False,0,,,,,,0.0,0.0,0.5,1.0
467,-2.5,117.5,True,6,sul,47.588444753265385,24.714590635423214,25.76611076314899,11.822384906706313,0.999627592314446,0.21364806932131908,0.05299622466736019,0.9044985064208408
468,-2.5,122.5,True,2776,"hal,sul,sum",383.2297763471354,47.93584471224913,150.46282162749685,14.919655450989014,0.4999007869776955,0.059150396639504804,0.7701646938733525,1.0159803488005992
469,-2.5,127.5,True,6225,"hal,sum",72.09171738102025,22.899225773105183,116.76185882211799,11.080418668887772,0.8401006083076358,0.1491289655939337,0.4905500175300949,0.9985907338893822
470,-2.5,132.5,True,5083,"png,sum",56.75718954116635,20.436043727265883,115.16768062056597,9.699885894494004,0.8378829096828065,0.22860907785128476,0.4904057440451034,0.9978066659934819
471,-2.5,137.5,True,8951,png,32.296983435607125,10.042586421782481,107.42518682535355,10.328104207042793,0.9334217241978927,0.22595765684745717,0.2853731456588282,0.9515034188965283
472,-2.5,142.5,True,4233,"png,sol",31.517034806054337,11.776066605508504,108.23151637530069,10.923870483823077,0.9132288599682113,0.1966492164837631,0.2928026631446537,0.9592548060498738
473,-2.5,147.5,True,1196,sol,358.4600083789792,71.93204882778672,95.08721586364948,16.568237075304157,0.883268334066947,0.09157867115073969,0.8737151549147633,1.034224337275987
474,-2.5,152.5,True,2765,sol,226.09511568064923,63.14325717879487,76.0534840971916,12.279535151963021,0.5743777779633462,0.10829715767018787,0.7247640150400402,1.0243413039753757
475,-2.5,157.5,False,0,,,,,,0.0,0.0,0.5,1.0
476,-2.5,162.5,False,0,,,,,,0.0,0.0,0.5,1.0
477,-2.5,167.5,False,0,,,,,,0.0,0.0,0.5,1.0
478,-2.5,172.5,False,0,,,,,,0.0,0.0,0.5,1.0
479,-2.5,177.5,False,0,,,,,,0.0,0.0,0.5,1.0
480,2.5,-177.5,False,0,,,,,,0.0,0.0,0.5,1.0
481,2.5,-172.5,False,0,,,,,,0.0,0.0,0.5,1.0
482,2.5,-167.5,False,0,,,,,,0.0,0.0,0.5,1.0
483,2.5,-162.5,False,0,,,,,,0.0,0.0,0.5,1.0
484,2.5,-157.5,False,0,,,,,,0.0,0.0,0.5,1.0
485,2.5,-152.5,False,0,,,,,,0.0,0.0,0.5,1.0
486,2.5,-147.5,False,0,,,,,,0.0,0.0,0.5,1.0
487,2.5,-142.5,False,0,,,,,,0.0,0.0,0.5,1.0
488,2.5,-137.5,False,0,,,,,,0.0,0.0,0.5,1.0
489,2.5,-132.5,False,0,,,,,,0.0,0.0,0.5,1.0
490,2.5,-127.5,False,0,,,,,,0.0,0.0,0.5,1.0
491,2.5,-122.5,False,0,,,,,,0.0,0.0,0.5,1.0
492,2.5,-117.5,False,0,,,,,,0.0,0.0,0.5,1.0
493,2.5,-112.5,False,0,,,,,,0.0,0.0,0.5,1.0
494,2.5,-107.5,False,0,,,,,,0.0,0.0,0.5,1.0
495,2.5,-102.5,False,0,,,,,,0.0,0.0,0.5,1.0
496,2.5,-97.5,False,0,,,,,,0.0,0.0,0.5,1.0
497,2.5,-92.5,False,0,,,,,,0.0,0.0,0.5,1.0
498,2.5,-87.5,False,0,,,,,,0.0,0.0,0.5,1.0
499,2.5,-82.5,True,447,sam,12.305345013102542,11.408810565574518,25.72795291463132,6.881027211887274,0.9874600719122094,0.4867897909465641,0.1516294267617571,0.8304167614814211
500,2.5,-77.5,True,8485,sam,86.93027596753151,23.994638043772984,28.24158349066394,13.503149659911136,0.9363116786741231,0.12949652307545942,0.2182055944395372,0.9635086042578042
501,2.5,-72.5,True,5658,sam,433.77836502931933,48.20214635533715,19.74946205250448,8.617941302658581,0.9166946657557224,0.3423147830304787,0.4376319233618468,0.9786504853775824
502,2.5,-67.5,False,0,,,,,,0.0,0.0,0.5,1.0
503,2.5,97.5,True,7781,sum,43.18961731446793,16.605394991254034,137.73176028996207,11.733519141280807,0.9019798266294081,0.16461592592024699,0.4758919695980608,0.9960314342532713
504,2.5,102.5,True,662,sum,207.42776554676254,54.74714975034831,151.98751317797377,19.809051023640265,0.9814079800073281,0.0736307094843309,0.9615391270851241,1.0339834533820564
505,2.5,107.5,False,0,,,,,,0.0,0.0,0.5,1.0
506,2.5,112.5,False,0,,,,,,0.0,0.0,0.5,1.0
507,2.5,117.5,True,463,sul,13.466402266464044,11.655919676748248,25.51048865845913,8.75538697100907,0.9237120735047786,0.325341567737636,0.038470643012127645,0.8498453154406225
508,2.5,122.5,True,11958,"hal,sul",226.88608199114736,37.24505337347094,58.2775107512654,14.427753554158691,0.5715432817163151,0.07184054565676729,0.5208569588027484,1.0014983753011302
509,2.5,127.5,True,8630,"hal,phi",52.32637645355542,27.461332525678177,174.33137989056598,14.125488137800694,0.6565669605479189,0.07748842259775572,0.3045907427539642,0.9848580448950056
510,2.5,132.5,True,123,png,7.237512380822374,4.382306697821259,82.52518600711251,6.671403914690192,0.9717339600275815,0.5398250936424038,0.15093652904060217,0.8115667791022005
511,2.5,137.5,True,40,png,7.434297394752749,4.132873982190999,103.85625023874252,6.210653138160748,0.993460473556931,0.5542141952768004,0.1277361010147175,0.7936860627932676
512,2.5,142.5,False,0,,,,,,0.0,0.0,0.5,1.0
513,2.5,147.5,False,0,,,,,,0.0,0.0,0.5,1.0
514,2.5,152.5,False,0,,,,,,0.0,0.0,0.5,1.0
515,2.5,157.5,False,0,,,,,,0.0,0.0,0.5,1.0
516,2.5,162.5,False,0,,,,,,0.0,0.0,0.5,1.0
517,2.5,167.5,False,0,,,,,,0.0,0.0,0.5,1.0
518,2.5,172.5,False,0,,,,,,0.0,0.0,0.5,1.0
519,2.5,177.5,False,0,,,,,,0.0,0.0,0.5,1.0
520,7.5,-177.5,False,0,,,,,,0.0,0.0,0.5,1.0
521,7.5,-172.5,False,0,,,,,,0.0,0.0,0.5,1.0
522,7.5,-167.5,False,0,,,,,,0.0,0.0,0.5,1.0
523,7.5,-162.5,False,0,,,,,,0.0,0.0,0.5,1.0
524,7.5,-157.5,False,0,,,,,,0.0,0.0,0.5,1.0
525,7.5,-152.5,False,0,,,,,,0.0,0.0,0.5,1.0
526,7.5,-147.5,False,0,,,,,,0.0,0.0,0.5,1.0
527,7.5,-142.5,False,0,,,,,,0.0,0.0,0.5,1.0
528,7.5,-137.5,False,0,,,,,,0.0,0.0,0.5,1.0
529,7.5,-132.5,False,0,,,,,,0.0,0.0,0.5,1.0
530,7.5,-127.5,False,0,,,,,,0.0,0.0,0.5,1.0
531,7.5,-122.5,False,0,,,,,,0.0,0.0,0.5,1.0
532,7.5,-117.5,False,0,,,,,,0.0,0.0,0.5,1.0
533,7.5,-112.5,False,0,,,,,,0.0,0.0,0.5,1.0
534,7.5,-107.5,False,0,,,,,,0.0,0.0,0.5,1.0
535,7.5,-102.5,False,0,,,,,,0.0,0.0,0.5,1.0
536,7.5,-97.5,False,0,,,,,,0.0,0.0,0.5,1.0
537,7.5,-92.5,False,0,,,,,,0.0,0.0,0.5,1.0
538,7.5,-87.5,True,361,cam,11.635295117093788,11.569878970760806,120.84807082063712,9.78942714432796,0.9457068876063358,0.29077486351104836,0.3632471104051716,0.9602356971933224
539,7.5,-82.5,True,1466,cam,21.846180268958072,20.435551346770055,125.94836400244182,11.595634810137266,0.9565763646063936,0.18196636412246922,0.5815758977873341,1.0148440695203873
540,7.5,-77.5,True,4389,sam,34.34996984405544,11.624977469501015,3.2946422418724652,10.032425948297611,0.7771557860755881,0.18875087684753097,0.22643576234592377,0.9483645102686667
541,7.5,-72.5,True,5583,sam,128.6298753387987,28.459140749255397,17.51757050350864,18.608794794832292,0.8205405954983159,0.06792241177436019,0.2729759266769891,0.9845799774090619
542,7.5,-67.5,False,0,,,,,,0.0,0.0,0.5,1.0
543,7.5,97.5,True,1490,sum,182.93567556415488,52.45906310614027,141.3155727296359,24.0623607906911,0.8996450141240278,0.04456206770651275,0.9499878073106359,1.0200523871364817
544,7.5,102.5,False,0,,,,,,0.0,0.0,0.5,1.0
545,7.5,107.5,False,0,,,,,,0.0,0.0,0.5,1.0
546,7.5,112.5,False,0,,,,,,0.0,0.0,0.5,1.0
547,7.5,117.5,False,0,,,,,,0.0,0.0,0.5,1.0
548,7.5,122.5,True,4868,"cot,hal",268.134843156616,42.565296571132166,175.6711382755825,13.760452100989184,0.6574350928646185,0.09321795701042747,0.3525011815266255,0.9862504614804601
549,7.5,127.5,True,4222,"cot,hal,phi",70.64761963581607,42.73274887767628,166.9794943364413,13.210281574989835,0.912899767905214,0.13675954023495443,0.435568878606337,0.9911884294613801
550,7.5,132.5,False,0,,,,,,0.0,0.0,0.5,1.0
551,7.5,137.5,False,0,,,,,,0.0,0.0,0.5,1.0
552,7.5,142.5,False,0,,,,,,0.0,0.0,0.5,1.0
553,7.5,147.5,False,0,,,,,,0.0,0.0,0.5,1.0
554,7.5,152.5,False,0,,,,,,0.0,0.0,0.5,1.0
555,7.5,157.5,False,0,,,,,,0.0,0.0,0.5,1.0
556,7.5,162.5,False,0,,,,,,0.0,0.0,0.5,1.0
557,7.5,167.5,False,0,,,,,,0.0,0.0,0.5,1.0
558,7.5,172.5,False,0,,,,,,0.0,0.0,0.5,1.0
559,7.5,177.5,False,0,,,,,,0.0,0.0,0.5,1.0
560,12.5,-177.5,False,0,,,,,,0.0,0.0,0.5,1.0
561,12.5,-172.5,False,0,,,,,,0.0,0.0,0.5,1.0
562,12.5,-167.5,False,0,,,,,,0.0,0.0,0.5,1.0
563,12.5,-162.5,False,0,,,,,,0.0,0.0,0.5,1.0
564,12.5,-157.5,False,0,,,,,,0.0,0.0,0.5,1.0
565,12.5,-152.5,False,0,,,,,,0.0,0.0,0.5,1.0
566,12.5,-147.5,False,0,,,,,,0.0,0.0,0.5,1.0
567,12.5,-142.5,False,0,,,,,,0.0,0.0,0.5,1.0
568,12.5,-137.5,False,0,,,,,,0.0,0.0,0.5,1.0
569,12.5,-132.5,False,0,,,,,,0.0,0.0,0.5,1.0
570,12.5,-127.5,False,0,,,,,,0.0,0.0,0.5,1.0
571,12.5,-122.5,False,0,,,,,,0.0,0.0,0.5,1.0
572,12.5,-117.5,False,0,,,,,,0.0,0.0,0.5,1.0
573,12.5,-112.5,False,0,,,,,,0.0,0.0,0.5,1.0
574,12.5,-107.5,False,0,,,,,,0.0,0.0,0.5,1.0
575,12.5,-102.5,False,0,,,,,,0.0,0.0,0.5,1.0
576,12.5,-97.5,True,9,cam,7.870757015630254,6.813420238435717,124.96926788965725,9.14632561828144,0.9997391827190508,0.35639439039653437,0.2231379301226709,0.9013279113821466
577,12.5,-92.5,True,3096,cam,21.802048402967,15.656524060207587,116.32809764477719,9.941118895715269,0.9906379289051287,0.24219722517882464,0.45177797986650897,0.988320760531151
578,12.5,-87.5,True,5155,cam,36.71623340469934,22.748609388408212,122.47789584353072,12.712233701194654,0.9421994240081438,0.13619740327667246,0.5657695553251069,1.008957642649941
579,12.5,-82.5,True,773,cam,139.82834655634068,56.35970451768716,123.61885840220182,27.45317399533745,0.9725601003378698,0.03706447601692751,0.8767569447450894,1.0139642987427153
580,12.5,-77.5,False,0,,,,,,0.0,0.0,0.5,1.0
581,12.5,-72.5,True,686,sam,108.22848498288084,24.319372229241512,176.8356414982885,14.81334274154837,0.9693880037956757,0.12903126027581216,0.4044377514603393,0.9876694826361372
582,12.5,-67.5,False,0,,,,,,0.0,0.0,0.5,1.0
583,12.5,97.5,True,72,sum,89.11948176800949,40.488566560888685,36.28178780265307,11.314709644483154,0.9987888717136076,0.2291998428331208,0.5788981687676412,1.0180834478813645
584,12.5,102.5,False,0,,,,,,0.0,0.0,0.5,1.0
585,12.5,107.5,False,0,,,,,,0.0,0.0,0.5,1.0
586,12.5,112.5,False,0,,,,,,0.0,0.0,0.5,1.0
587,12.5,117.5,True,3292,man,12.27291834220808,12.317474576690964,161.12266345861292,9.405845327624808,0.9141562957508474,0.2951729952108921,0.30885104109453493,0.9435779892684302
588,12.5,122.5,True,6461,"hal,man,phi",67.57591572640683,37.59095229456031,147.24137548077852,10.629691149043309,0.8059793106872053,0.17156600928788665,0.7336676586250778,1.0400894276899488
589,12.5,127.5,True,1672,phi,34.10500114479106,26.26456067850563,152.70671316708916,9.393291570729492,0.9702228170403595,0.2953311123576875,0.45625914971333126,0.987081966029367
590,12.5,132.5,False,0,,,,,,0.0,0.0,0.5,1.0
591,12.5,137.5,False,0,,,,,,0.0,0.0,0.5,1.0
592,12.5,142.5,True,4071,izu,50.90888784555401,23.363003064920207,76.86208518542014,11.301594142826831,0.9222741139013116,0.1508681767575505,0.5223005407456142,1.0033644419229983
593,12.5,147.5,True,1820,izu,20.463731167636077,13.905183638126017,37.7213818210149,10.242789286689902,0.8865350064153044,0.20226639204781538,0.40015219203634594,0.9798041441293086
594,12.5,152.5,False,0,,,,,,0.0,0.0,0.5,1.0
595,12.5,157.5,False,0,,,,,,0.0,0.0,0.5,1.0
596,12.5,162.5,False,0,,,,,,0.0,0.0,0.5,1.0
597,12.5,167.5,False,0,,,,,,0.0,0.0,0.5,1.0
598,12.5,172.5,False,0,,,,,,0.0,0.0,0.5,1.0
599,12.5,177.5,False,0,,,,,,0.0,0.0,0.5,1.0
600,17.5,-177.5,False,0,,,,,,0.0,0.0,0.5,1.0
601,17.5,-172.5,False,0,,,,,,0.0,0.0,0.5,1.0
602,17.5,-167.5,False,0,,,,,,0.0,0.0,0.5,1.0
603,17.5,-162.5,False,0,,,,,,0.0,0.0,0.5,1.0
604,17.5,-157.5,False,0,,,,,,0.0,0.0,0.5,1.0
605,17.5,-152.5,False,0,,,,,,0.0,0.0,0.5,1.0
606,17.5,-147.5,False,0,,,,,,0.0,0.0,0.5,1.0
607,17.5,-142.5,False,0,,,,,,0.0,0.0,0.5,1.0
608,17.5,-137.5,False,0,,,,,,0.0,0.0,0.5,1.0
609,17.5,-132.5,False,0,,,,,,0.0,0.0,0.5,1.0
610,17.5,-127.5,False,0,,,,,,0.0,0.0,0.5,1.0
611,17.5,-122.5,False,0,,,,,,0.0,0.0,0.5,1.0
612,17.5,-117.5,False,0,,,,,,0.0,0.0,0.5,1.0
613,17.5,-112.5,False,0,,,,,,0.0,0.0,0.5,1.0
614,17.5,-107.5,True,421,cam,11.41724021370362,12.070862023334426,142.5097897358981,7.497363024202462,0.9412959051872378,0.41949835071697816,0.3928593899232996,0.9550546907780133
615,17.5,-102.5,True,5244,cam,34.508021101073,18.844737881436814,111.01211317138039,11.050905150735801,0.8266900537620251,0.16875299908381547,0.4345088273611807,0.9889481682036834
616,17.5,-97.5,True,8134,cam,92.25169990075183,26.523704295790882,113.1879772494782,10.430219484542514,0.8557478050543343,0.20752777309807183,0.5326100218159843,1.0067674852081507
617,17.5,-92.5,True,4160,cam,133.24864736104436,35.45190643657063,126.53185146667616,16.25369659709012,0.9397817308424059,0.0939978138803699,0.7876106070909308,1.0270347683153536
618,17.5,-87.5,True,4,cam,288.1516728883105,68.82552595730807,114.66327091886755,21.090209276436127,0.9999925913374466,0.06717629683102246,0.810151984737321,1.020834861789445
619,17.5,-82.5,False,0,,,,,,0.0,0.0,0.5,1.0
620,17.5,-77.5,False,0,,,,,,0.0,0.0,0.5,1.0
621,17.5,-72.5,True,1695,"car,mue",27.0851802286299,24.112301338742576,92.39157656240933,13.159852897534824,0.9225104188950506,0.13602069533277067,0.5909185364784456,1.012366802550436
622,17.5,-67.5,True,15366,"car,mue",28.79584098022863,27.67575851242742,90.93058258147414,15.812416401373586,0.9495471042654231,0.09613812366027072,0.6788027549297109,1.0171897613642296
623,17.5,97.5,True,1764,sum,50.266875368786245,24.447084563125888,177.6354391878157,9.723705289317936,0.8448726869356747,0.23162387670504686,0.6926727999195667,1.0446276208529859
624,17.5,102.5,False,0,,,,,,0.0,0.0,0.5,1.0
625,17.5,107.5,False,0,,,,,,0.0,0.0,0.5,1.0
626,17.5,112.5,False,0,,,,,,0.0,0.0,0.5,1.0
627,17.5,117.5,True,6344,man,10.660676671562017,10.280394055629161,11.08587787226594,9.607091914598415,0.9556115384064467,0.2811309645032382,0.1802652828249927,0.9101126705754201
628,17.5,122.5,True,22740,"man,phi",46.9791881721356,29.49721123923135,16.79763972077337,12.257103906185383,0.7348646989686116,0.12352836548696483,0.24184983141143407,0.96811113162407
629,17.5,127.5,False,0,,,,,,0.0,0.0,0.5,1.0
630,17.5,132.5,False,0,,,,,,0.0,0.0,0.5,1.0
631,17.5,137.5,False,0,,,,,,0.0,0.0,0.5,1.0
632,17.5,142.5,True,257,izu,273.2204009800433,69.60164821903614,169.56149488197164,26.614272112526926,0.6277225059276114,0.02615269282556119,0.5388281789335788,1.0010154614366258
633,17.5,147.5,True,5334,izu,33.66086740910849,19.19050401480668,177.82660774792856,9.723423617188137,0.8700484382102214,0.18554535914561265,0.407421311734974,0.982822454036636
634,17.5,152.5,False,0,,,,,,0.0,0.0,0.5,1.0
635,17.5,157.5,False,0,,,,,,0.0,0.0,0.5,1.0
636,17.5,162.5,False,0,,,,,,0.0,0.0,0.5,1.0
637,17.5,167.5,False,0,,,,,,0.0,0.0,0.5,1.0
638,17.5,172.5,False,0,,,,,,0.0,0.0,0.5,1.0
639,17.5,177.5,False,0,,,,,,0.0,0.0,0.5,1.0
640,22.5,-177.5,False,0,,,,,,0.0,0.0,0.5,1.0
641,22.5,-172.5,False,0,,,,,,0.0,0.0,0.5,1.0
642,22.5,-167.5,False,0,,,,,,0.0,0.0,0.5,1.0
643,22.5,-162.5,False,0,,,,,,0.0,0.0,0.5,1.0
644,22.5,-157.5,False,0,,,,,,0.0,0.0,0.5,1.0
645,22.5,-152.5,False,0,,,,,,0.0,0.0,0.5,1.0
646,22.5,-147.5,False,0,,,,,,0.0,0.0,0.5,1.0
647,22.5,-142.5,False,0,,,,,,0.0,0.0,0.5,1.0
648,22.5,-137.5,False,0,,,,,,0.0,0.0,0.5,1.0
649,22.5,-132.5,False,0,,,,,,0.0,0.0,0.5,1.0
650,22.5,-127.5,False,0,,,,,,0.0,0.0,0.5,1.0
651,22.5,-122.5,False,0,,,,,,0.0,0.0,0.5,1.0
652,22.5,-117.5,False,0,,,,,,0.0,0.0,0.5,1.0
653,22.5,-112.5,False,0,,,,,,0.0,0.0,0.5,1.0
654,22.5,-107.5,True,674,cam,17.737128135832492,15.941382868160899,165.35469953696125,5.809886460621574,0.981322820489751,0.5470892464003181,0.47800073944998156,0.9879644411243261
655,22.5,-102.5,True,1039,cam,160.17134850453758,49.07532219077637,141.55286610166593,14.526046701659519,0.5422971020486141,0.07231028672829243,0.8963349802883441,1.0286590960651023
656,22.5,-97.5,True,361,cam,321.6444885766054,68.01313850166659,106.47948122032273,9.383103935998578,0.9499773091951943,0.32232422135624783,0.939873739689475,1.1417819606404709
657,22.5,-92.5,False,0,,,,,,0.0,0.0,0.5,1.0
658,22.5,-87.5,False,0,,,,,,0.0,0.0,0.5,1.0
659,22.5,-82.5,False,0,,,,,,0.0,0.0,0.5,1.0
660,22.5,-77.5,False,0,,,,,,0.0,0.0,0.5,1.0
661,22.5,-72.5,True,12,car,6.8893467653033404,4.133950826222037,99.2223328399415,6.09966052948026,0.9986450349360634,0.6273195395565456,0.13835297263553767,0.7731317533117321
662,22.5,-67.5,False,0,,,,,,0.0,0.0,0.5,1.0
663,22.5,97.5,True,1384,sum,119.75325793463237,39.935381047359336,174.6533677475427,20.72854463768321,0.8431270843024032,0.05778516286203001,0.9365083609723845,1.025223706729427
664,22.5,102.5,False,0,,,,,,0.0,0.0,0.5,1.0
665,22.5,107.5,False,0,,,,,,0.0,0.0,0.5,1.0
666,22.5,112.5,False,0,,,,,,0.0,0.0,0.5,1.0
667,22.5,117.5,False,0,,,,,,0.0,0.0,0.5,1.0
668,22.5,122.5,True,15387,"man,ryu",26.111126983078943,20.32932473001374,5.166844337054023,10.888212938561743,0.6669852762668577,0.14397891969341817,0.3742552998003961,0.9818954139080883
669,22.5,127.5,True,1252,ryu,12.377947246845153,7.0153345258294015,66.18406161432283,8.437773014743456,0.8810623999205429,0.3275617974842249,0.17379773220180622,0.8931485988165931
670,22.5,132.5,False,0,,,,,,0.0,0.0,0.5,1.0
671,22.5,137.5,False,0,,,,,,0.0,0.0,0.5,1.0
672,22.5,142.5,True,5021,izu,54.4496837325953,24.998076967728885,141.5724091075167,13.559882524919697,0.9389152660045442,0.11529193407714276,0.1631164141425916,0.9611600398276562
673,22.5,147.5,True,1838,izu,14.847770643167882,9.72619948858503,147.35161817165607,7.902137086953917,0.9073913371371553,0.3018805579015164,0.14786184356338172,0.8936963368765022
674,22.5,152.5,False,0,,,,,,0.0,0.0,0.5,1.0
675,22.5,157.5,False,0,,,,,,0.0,0.0,0.5,1.0
676,22.5,162.5,False,0,,,,,,0.0,0.0,0.5,1.0
677,22.5,167.5,False,0,,,,,,0.0,0.0,0.5,1.0
678,22.5,172.5,False,0,,,,,,0.0,0.0,0.5,1.0
679,22.5,177.5,False,0,,,,,,0.0,0.0,0.5,1.0
680,27.5,-177.5,False,0,,,,,,0.0,0.0,0.5,1.0
681,27.5,-172.5,False,0,,,,,,0.0,0.0,0.5,1.0
682,27.5,-167.5,False,0,,,,,,0.0,0.0,0.5,1.0
683,27.5,-162.5,False,0,,,,,,0.0,0.0,0.5,1.0
684,27.5,-157.5,False,0,,,,,,0.0,0.0,0.5,1.0
685,27.5,-152.5,False,0,,,,,,0.0,0.0,0.5,1.0
686,27.5,-147.5,False,0,,,,,,0.0,0.0,0.5,1.0
687,27.5,-142.5,False,0,,,,,,0.0,0.0,0.5,1.0
688,27.5,-137.5,False,0,,,,,,0.0,0.0,0.5,1.0
689,27.5,-132.5,False,0,,,,,,0.0,0.0,0.5,1.0
690,27.5,-127.5,False,0,,,,,,0.0,0.0,0.5,1.0
691,27.5,-122.5,False,0,,,,,,0.0,0.0,0.5,1.0
692,27.5,-117.5,False,0,,,,,,0.0,0.0,0.5,1.0
693,27.5,-112.5,False,0,,,,,,0.0,0.0,0.5,1.0
694,27.5,-107.5,False,0,,,,,,0.0,0.0,0.5,1.0
695,27.5,-102.5,False,0,,,,,,0.0,0.0,0.5,1.0
696,27.5,-97.5,False,0,,,,,,0.0,0.0,0.5,1.0
697,27.5,-92.5,False,0,,,,,,0.0,0.0,0.5,1.0
698,27.5,-87.5,False,0,,,,,,0.0,0.0,0.5,1.0
699,27.5,-82.5,False,0,,,,,,0.0,0.0,0.5,1.0
700,27.5,-77.5,False,0,,,,,,0.0,0.0,0.5,1.0
701,27.5,-72.5,False,0,,,,,,0.0,0.0,0.5,1.0
702,27.5,-67.5,False,0,,,,,,0.0,0.0,0.5,1.0
703,27.5,97.5,True,944,sum,83.12920291856182,30.199081213572637,15.417940548801802,14.259596223097011,0.7437781843864762,0.10194166983220326,0.7125547279304344,1.021668183895958
704,27.5,102.5,False,0,,,,,,0.0,0.0,0.5,1.0
705,27.5,107.5,False,0,,,,,,0.0,0.0,0.5,1.0
706,27.5,112.5,False,0,,,,,,0.0,0.0,0.5,1.0
707,27.5,117.5,False,0,,,,,,0.0,0.0,0.5,1.0
708,27.5,122.5,True,2547,ryu,232.17123326366473,44.631033342297265,69.03232904901654,21.188139816995335,0.5512572955981806,0.031825601172448585,0.3851987686272487,0.9963463817962248
709,27.5,127.5,True,8129,ryu,58.765366550265746,16.870988762598323,42.28258781845308,13.36426417825194,0.9659549489403875,0.11571493553490378,0.1308365080247901,0.9572822703242486
710,27.5,132.5,True,1390,ryu,11.280188722115252,7.636938466609285,36.02369024968493,10.565624949149768,0.964925937140178,0.22240670780140287,0.20711046784228157,0.9348594034033088
711,27.5,137.5,True,2627,izu,440.3154516975983,50.35408391872447,145.10231898108458,23.650746543381516,0.8767224126525589,0.0451009128526126,0.4503092543043936,0.9977589020088011
712,27.5,142.5,True,5969,izu,36.55326223420258,19.46251465496897,173.90318917493047,11.694131228295957,0.9114346792964494,0.1658882398746807,0.4576235679432956,0.9929702482739443
713,27.5,147.5,False,0,,,,,,0.0,0.0,0.5,1.0
714,27.5,152.5,False,0,,,,,,0.0,0.0,0.5,1.0
715,27.5,157.5,False,0,,,,,,0.0,0.0,0.5,1.0
716,27.5,162.5,False,0,,,,,,0.0,0.0,0.5,1.0
717,27.5,167.5,False,0,,,,,,0.0,0.0,0.5,1.0
718,27.5,172.5,False,0,,,,,,0.0,0.0,0.5,1.0
719,27.5,177.5,False,0,,,,,,0.0,0.0,0.5,1.0
720,32.5,-177.5,False,0,,,,,,0.0,0.0,0.5,1.0
721,32.5,-172.5,False,0,,,,,,0.0,0.0,0.5,1.0
722,32.5,-167.5,False,0,,,,,,0.0,0.0,0.5,1.0
723,32.5,-162.5,False,0,,,,,,0.0,0.0,0.5,1.0
724,32.5,-157.5,False,0,,,,,,0.0,0.0,0.5,1.0
725,32.5,-152.5,False,0,,,,,,0.0,0.0,0.5,1.0
726,32.5,-147.5,False,0,,,,,,0.0,0.0,0.5,1.0
727,32.5,-142.5,False,0,,,,,,0.0,0.0,0.5,1.0
728,32.5,-137.5,False,0,,,,,,0.0,0.0,0.5,1.0
729,32.5,-132.5,False,0,,,,,,0.0,0.0,0.5,1.0
730,32.5,-127.5,False,0,,,,,,0.0,0.0,0.5,1.0
731,32.5,-122.5,False,0,,,,,,0.0,0.0,0.5,1.0
732,32.5,-117.5,False,0,,,,,,0.0,0.0,0.5,1.0
733,32.5,-112.5,False,0,,,,,,0.0,0.0,0.5,1.0
734,32.5,-107.5,False,0,,,,,,0.0,0.0,0.5,1.0
735,32.5,-102.5,False,0,,,,,,0.0,0.0,0.5,1.0
736,32.5,-97.5,False,0,,,,,,0.0,0.0,0.5,1.0
737,32.5,-92.5,False,0,,,,,,0.0,0.0,0.5,1.0
738,32.5,-87.5,False,0,,,,,,0.0,0.0,0.5,1.0
739,32.5,-82.5,False,0,,,,,,0.0,0.0,0.5,1.0
740,32.5,-77.5,False,0,,,,,,0.0,0.0,0.5,1.0
741,32.5,-72.5,False,0,,,,,,0.0,0.0,0.5,1.0
742,32.5,-67.5,False,0,,,,,,0.0,0.0,0.5,1.0
743,32.5,97.5,False,0,,,,,,0.0,0.0,0.5,1.0
744,32.5,102.5,False,0,,,,,,0.0,0.0,0.5,1.0
745,32.5,107.5,False,0,,,,,,0.0,0.0,0.5,1.0
746,32.5,112.5,False,0,,,,,,0.0,0.0,0.5,1.0
747,32.5,117.5,False,0,,,,,,0.0,0.0,0.5,1.0
748,32.5,122.5,False,0,,,,,,0.0,0.0,0.5,1.0
749,32.5,127.5,True,2677,ryu,324.6040327677621,36.553206644961385,24.800792130091253,13.949052864321713,0.621675167180081,0.08508048180491619,0.7582180565937253,1.0219693166657233
750,32.5,132.5,True,8444,"izu,ryu",33.96827032186565,12.417766163484098,47.54521915791323,4.599420626980773,0.8796558811022388,0.5525740408218157,0.2576916893042885,0.8661067176341627
751,32.5,137.5,True,11663,"izu,ryu",70.67009682281675,12.80015074577904,62.635722753102236,7.436415504195544,0.4679213818460158,0.14290523966803564,0.24831460010895628,0.964032837607625
752,32.5,142.5,True,4224,izu,28.274074283342987,15.71250351819393,174.62313162546732,14.903015107110816,0.966742134619741,0.11894177981727232,0.479329640400344,0.9975414306397539
753,32.5,147.5,False,0,,,,,,0.0,0.0,0.5,1.0
754,32.5,152.5,False,0,,,,,,0.0,0.0,0.5,1.0
755,32.5,157.5,False,0,,,,,,0.0,0.0,0.5,1.0
756,32.5,162.5,False,0,,,,,,0.0,0.0,0.5,1.0
757,32.5,167.5,False,0,,,,,,0.0,0.0,0.5,1.0
758,32.5,172.5,False,0,,,,,,0.0,0.0,0.5,1.0
759,32.5,177.5,False,0,,,,,,0.0,0.0,0.5,1.0
760,37.5,-177.5,False,0,,,,,,0.0,0.0,0.5,1.0
761,37.5,-172.5,False,0,,,,,,0.0,0.0,0.5,1.0
762,37.5,-167.5,False,0,,,,,,0.0,0.0,0.5,1.0
763,37.5,-162.5,False,0,,,,,,0.0,0.0,0.5,1.0
764,37.5,-157.5,False,0,,,,,,0.0,0.0,0.5,1.0
765,37.5,-152.5,False,0,,,,,,0.0,0.0,0.5,1.0
766,37.5,-147.5,False,0,,,,,,0.0,0.0,0.5,1.0
767,37.5,-142.5,False,0,,,,,,0.0,0.0,0.5,1.0
768,37.5,-137.5,False,0,,,,,,0.0,0.0,0.5,1.0
769,37.5,-132.5,False,0,,,,,,0.0,0.0,0.5,1.0
770,37.5,-127.5,False,0,,,,,,0.0,0.0,0.5,1.0
771,37.5,-122.5,True,985,cas,162.86851740792548,41.54535218946427,10.970500664474637,18.306972288934492,0.9656930316001339,0.08137216285151057,0.7002792274161111,1.0162971539090786
772,37.5,-117.5,True,370,cas,376.30273239751807,59.497025495856526,12.848951571903408,19.42028335889566,0.9438814185267739,0.07465503567885505,0.8232793473140126,1.0241344312079645
773,37.5,-112.5,False,0,,,,,,0.0,0.0,0.5,1.0
774,37.5,-107.5,False,0,,,,,,0.0,0.0,0.5,1.0
775,37.5,-102.5,False,0,,,,,,0.0,0.0,0.5,1.0
776,37.5,-97.5,False,0,,,,,,0.0,0.0,0.5,1.0
777,37.5,-92.5,False,0,,,,,,0.0,0.0,0.5,1.0
778,37.5,-87.5,False,0,,,,,,0.0,0.0,0.5,1.0
779,37.5,-82.5,False,0,,,,,,0.0,0.0,0.5,1.0
780,37.5,-77.5,False,0,,,,,,0.0,0.0,0.5,1.0
781,37.5,-72.5,False,0,,,,,,0.0,0.0,0.5,1.0
782,37.5,-67.5,False,0,,,,,,0.0,0.0,0.5,1.0
783,37.5,97.5,False,0,,,,,,0.0,0.0,0.5,1.0
784,37.5,102.5,False,0,,,,,,0.0,0.0,0.5,1.0
785,37.5,107.5,False,0,,,,,,0.0,0.0,0.5,1.0
786,37.5,112.5,False,0,,,,,,0.0,0.0,0.5,1.0
787,37.5,117.5,False,0,,,,,,0.0,0.0,0.5,1.0
788,37.5,122.5,False,0,,,,,,0.0,0.0,0.5,1.0
789,37.5,127.5,True,253,kur,544.8912196592732,25.18265048502969,20.556943308982902,8.627941395816276,0.9742386547149801,0.34981546598687013,0.5950027499077043,1.0332334312289977
790,37.5,132.5,True,8996,"izu,kur,ryu",422.01981128227544,24.975873501985934,7.2955974281314955,10.840135635547899,0.7697012158448479,0.17884101554384707,0.24786129384313985,0.9549072577329955
791,37.5,137.5,True,13901,"izu,kur,ryu",168.8650138954366,29.21527785084418,12.230929822127152,13.895283249476499,0.356863693931683,0.04837371688582828,0.5465839298970283,1.0022534378362682
792,37.5,142.5,True,7019,"izu,kur",34.7414275938352,13.306878955784557,16.626549177812148,11.86136534154429,0.9521410484476162,0.18587116619735775,0.303568294186483,0.9634890097623053
793,37.5,147.5,False,0,,,,,,0.0,0.0,0.5,1.0
794,37.5,152.5,False,0,,,,,,0.0,0.0,0.5,1.0
795,37.5,157.5,False,0,,,,,,0.0,0.0,0.5,1.0
796,37.5,162.5,False,0,,,,,,0.0,0.0,0.5,1.0
797,37.5,167.5,False,0,,,,,,0.0,0.0,0.5,1.0
798,37.5,172.5,False,0,,,,,,0.0,0.0,0.5,1.0
799,37.5,177.5,False,0,,,,,,0.0,0.0,0.5,1.0
800,42.5,-177.5,False,0,,,,,,0.0,0.0,0.5,1.0
801,42.5,-172.5,False,0,,,,,,0.0,0.0,0.5,1.0
802,42.5,-167.5,False,0,,,,,,0.0,0.0,0.5,1.0
803,42.5,-162.5,False,0,,,,,,0.0,0.0,0.5,1.0
804,42.5,-157.5,False,0,,,,,,0.0,0.0,0.5,1.0
805,42.5,-152.5,False,0,,,,,,0.0,0.0,0.5,1.0
806,42.5,-147.5,False,0,,,,,,0.0,0.0,0.5,1.0
807,42.5,-142.5,False,0,,,,,,0.0,0.0,0.5,1.0
808,42.5,-137.5,False,0,,,,,,0.0,0.0,0.5,1.0
809,42.5,-132.5,False,0,,,,,,0.0,0.0,0.5,1.0
810,42.5,-127.5,True,479,cas,7.037759541514106,5.998030451344268,176.926546281243,6.976923200492012,0.9903466142800867,0.4462443744481296,0.1612501085295293,0.848834766586388
811,42.5,-122.5,True,9648,cas,74.25030824250634,24.80024293166435,178.86481337853283,13.122361188715693,0.9332017485864431,0.14405181625475716,0.49259537902947664,0.998933350900518
812,42.5,-117.5,True,527,cas,385.03057940806866,56.370602977707186,0.9461624766129573,14.90156102457289,0.8351119304367656,0.11086004789039036,0.826546248044565,1.0362009326966477
813,42.5,-112.5,False,0,,,,,,0.0,0.0,0.5,1.0
814,42.5,-107.5,False,0,,,,,,0.0,0.0,0.5,1.0
815,42.5,-102.5,False,0,,,,,,0.0,0.0,0.5,1.0
816,42.5,-97.5,False,0,,,,,,0.0,0.0,0.5,1.0
817,42.5,-92.5,False,0,,,,,,0.0,0.0,0.5,1.0
818,42.5,-87.5,False,0,,,,,,0.0,0.0,0.5,1.0
819,42.5,-82.5,False,0,,,,,,0.0,0.0,0.5,1.0
820,42.5,-77.5,False,0,,,,,,0.0,0.0,0.5,1.0
821,42.5,-72.5,False,0,,,,,,0.0,0.0,0.5,1.0
822,42.5,-67.5,False,0,,,,,,0.0,0.0,0.5,1.0
823,42.5,97.5,False,0,,,,,,0.0,0.0,0.5,1.0
824,42.5,102.5,False,0,,,,,,0.0,0.0,0.5,1.0
825,42.5,107.5,False,0,,,,,,0.0,0.0,0.5,1.0
826,42.5,112.5,False,0,,,,,,0.0,0.0,0.5,1.0
827,42.5,117.5,False,0,,,,,,0.0,0.0,0.5,1.0
828,42.5,122.5,False,0,,,,,,0.0,0.0,0.5,1.0
829,42.5,127.5,False,0,,,,,,0.0,0.0,0.5,1.0
830,42.5,132.5,True,9458,kur,459.0848547826581,28.95708658671851,3.5286058912138354,13.70402021220496,0.9629218557705211,0.15088472755164772,0.12864410770369897,0.9439680673661736
831,42.5,137.5,True,10000,kur,273.602957147647,27.034908853957834,7.781091150586751,14.96781848564243,0.8548379788061133,0.10975101628774153,0.34024121026189413,0.9824663104653433
832,42.5,142.5,True,9779,kur,83.12311700471192,21.44233191398499,37.93330381111229,15.319505773724233,0.7125023787080735,0.08541546108405966,0.25666246878285875,0.9792152125720311
833,42.5,147.5,True,4806,kur,30.517348756580258,15.415144101037441,57.07193388737163,11.90049345584699,0.9706023938532301,0.16735651431144474,0.08285691634826124,0.9301883875509176
834,42.5,152.5,True,386,kur,13.175071634871752,7.363374949217648,55.05189318554927,8.992705094133937,0.9996221271395178,0.3012836314456639,0.004930030324912736,0.850843521716595
835,42.5,157.5,False,0,,,,,,0.0,0.0,0.5,1.0
836,42.5,162.5,False,0,,,,,,0.0,0.0,0.5,1.0
837,42.5,167.5,False,0,,,,,,0.0,0.0,0.5,1.0
838,42.5,172.5,False,0,,,,,,0.0,0.0,0.5,1.0
839,42.5,177.5,False,0,,,,,,0.0,0.0,0.5,1.0
840,47.5,-177.5,False,0,,,,,,0.0,0.0,0.5,1.0
841,47.5,-172.5,False,0,,,,,,0.0,0.0,0.5,1.0
842,47.5,-167.5,False,0,,,,,,0.0,0.0,0.5,1.0
843,47.5,-162.5,False,0,,,,,,0.0,0.0,0.5,1.0
844,47.5,-157.5,False,0,,,,,,0.0,0.0,0.5,1.0
845,47.5,-152.5,False,0,,,,,,0.0,0.0,0.5,1.0
846,47.5,-147.5,False,0,,,,,,0.0,0.0,0.5,1.0
847,47.5,-142.5,False,0,,,,,,0.0,0.0,0.5,1.0
848,47.5,-137.5,False,0,,,,,,0.0,0.0,0.5,1.0
849,47.5,-132.5,False,0,,,,,,0.0,0.0,0.5,1.0
850,47.5,-127.5,True,2948,cas,13.948536002907263,8.42016186931313,154.133879993039,9.431438037843417,0.8984885985149239,0.2685383715283838,0.26805322322875713,0.9377133902845929
851,47.5,-122.5,True,9931,cas,69.51942592880077,21.675041421528658,160.79994227905183,12.31628575439388,0.7684649840356551,0.1342357078851137,0.47417384019995734,0.9965332071572872
852,47.5,-117.5,True,1621,cas,318.19906740137685,51.94108856471342,6.000786928658743,14.272153927020732,0.7381032191095542,0.1060797326629012,0.6679083242849393,1.0178116701520221
853,47.5,-112.5,False,0,,,,,,0.0,0.0,0.5,1.0
854,47.5,-107.5,False,0,,,,,,0.0,0.0,0.5,1.0
855,47.5,-102.5,False,0,,,,,,0.0,0.0,0.5,1.0
856,47.5,-97.5,False,0,,,,,,0.0,0.0,0.5,1.0
857,47.5,-92.5,False,0,,,,,,0.0,0.0,0.5,1.0
858,47.5,-87.5,False,0,,,,,,0.0,0.0,0.5,1.0
859,47.5,-82.5,False,0,,,,,,0.0,0.0,0.5,1.0
860,47.5,-77.5,False,0,,,,,,0.0,0.0,0.5,1.0
861,47.5,-72.5,False,0,,,,,,0.0,0.0,0.5,1.0
862,47.5,-67.5,False,0,,,,,,0.0,0.0,0.5,1.0
863,47.5,97.5,False,0,,,,,,0.0,0.0,0.5,1.0
864,47.5,102.5,False,0,,,,,,0.0,0.0,0.5,1.0
865,47.5,107.5,False,0,,,,,,0.0,0.0,0.5,1.0
866,47.5,112.5,False,0,,,,,,0.0,0.0,0.5,1.0
867,47.5,117.5,False,0,,,,,,0.0,0.0,0.5,1.0
868,47.5,122.5,False,0,,,,,,0.0,0.0,0.5,1.0
869,47.5,127.5,False,0,,,,,,0.0,0.0,0.5,1.0
870,47.5,132.5,True,823,kur,477.21792112627367,28.87284636852019,20.367623674223776,10.569355359718179,0.9577176695828262,0.25385407896408724,0.25311464400203093,0.9373271453434148
871,47.5,137.5,True,4227,kur,390.02593827699036,34.95467658160446,73.14079655097082,13.201166589279016,0.9133872913696669,0.155479112088689,0.8089253431604132,1.0480314380562745
872,47.5,142.5,True,8288,kur,432.7389989068038,39.320359459531566,75.93833815964022,14.416571282004252,0.9693980294766292,0.1323414059015311,0.8213717262050948,1.0425307860629842
873,47.5,147.5,True,9902,kur,339.25779651354793,44.43573626177263,60.53763556481735,21.149793445010236,0.9166204616103653,0.059053748415828757,0.5282451389243379,1.001667981328008
874,47.5,152.5,True,8854,kur,71.9338673126234,24.39018414211961,41.14578403177001,15.54140485756982,0.9757545291878069,0.10524959251216118,0.06697744367142079,0.9544245523978426
875,47.5,157.5,True,2228,kur,17.109763474171395,10.42718068941362,42.495300943152145,9.4282555572689,0.9957637485476731,0.24464575409003422,0.027238768292292926,0.8843409719643346
876,47.5,162.5,False,0,,,,,,0.0,0.0,0.5,1.0
877,47.5,167.5,False,0,,,,,,0.0,0.0,0.5,1.0
878,47.5,172.5,False,0,,,,,,0.0,0.0,0.5,1.0
879,47.5,177.5,False,0,,,,,,0.0,0.0,0.5,1.0
880,52.5,-177.5,True,4464,alu,43.38621515248269,23.169958684288318,86.36365801525517,15.872420105808857,0.9829930236410744,0.10620945546811968,0.4083723498212704,0.9902682771686938
881,52.5,-172.5,True,4845,alu,42.5423518103622,22.349031140774006,75.76714680588874,16.0203513351569,0.9298887439241443,0.09330061934551855,0.32657199623149646,0.9838190598365417
882,52.5,-167.5,True,5535,alu,40.167741396197286,20.185056694258098,68.75875473496811,14.484858307751507,0.9753999931367737,0.11798031037840873,0.20922990499390468,0.9656948539424215
883,52.5,-162.5,True,3664,alu,24.92813390012793,14.449783958641502,67.90181483557907,13.966943191871914,0.9789438894911903,0.13704700236565434,0.1743578260545337,0.9553717162169388
884,52.5,-157.5,True,1744,alu,11.890493062706518,6.546298621515132,61.87332759709458,9.131348318079814,0.9523240828064254,0.2875819693157045,0.06777575554067655,0.8757001005923952
885,52.5,-152.5,True,21,alu,6.841806093851427,2.6909660384761898,37.14692171683292,6.286211354390952,0.9768289072097446,0.48520043140909447,0.015409794462500539,0.7648766232165835
886,52.5,-147.5,False,0,,,,,,0.0,0.0,0.5,1.0
887,52.5,-142.5,False,0,,,,,,0.0,0.0,0.5,1.0
888,52.5,-137.5,False,0,,,,,,0.0,0.0,0.5,1.0
889,52.5,-132.5,False,0,,,,,,0.0,0.0,0.5,1.0
890,52.5,-127.5,True,104,cas,23.040014654868372,12.063849348116674,146.31533036792933,10.616119929231706,0.9836420062812314,0.2477119597743199,0.3853835365314892,0.9716081312118134
891,52.5,-122.5,True,24,cas,56.77148977915412,16.266241590183323,127.00224357138694,7.113766292732078,0.9810944103525668,0.44632492826110537,0.5333561303477512,1.0148876724845282
892,52.5,-117.5,False,0,,,,,,0.0,0.0,0.5,1.0
893,52.5,-112.5,False,0,,,,,,0.0,0.0,0.5,1.0
894,52.5,-107.5,False,0,,,,,,0.0,0.0,0.5,1.0
895,52.5,-102.5,False,0,,,,,,0.0,0.0,0.5,1.0
896,52.5,-97.5,False,0,,,,,,0.0,0.0,0.5,1.0
897,52.5,-92.5,False,0,,,,,,0.0,0.0,0.5,1.0
898,52.5,-87.5,False,0,,,,,,0.0,0.0,0.5,1.0
899,52.5,-82.5,False,0,,,,,,0.0,0.0,0.5,1.0
900,52.5,-77.5,False,0,,,,,,0.0,0.0,0.5,1.0
901,52.5,-72.5,False,0,,,,,,0.0,0.0,0.5,1.0
902,52.5,-67.5,False,0,,,,,,0.0,0.0,0.5,1.0
903,52.5,97.5,False,0,,,,,,0.0,0.0,0.5,1.0
904,52.5,102.5,False,0,,,,,,0.0,0.0,0.5,1.0
905,52.5,107.5,False,0,,,,,,0.0,0.0,0.5,1.0
906,52.5,112.5,False,0,,,,,,0.0,0.0,0.5,1.0
907,52.5,117.5,False,0,,,,,,0.0,0.0,0.5,1.0
908,52.5,122.5,False,0,,,,,,0.0,0.0,0.5,1.0
909,52.5,127.5,False,0,,,,,,0.0,0.0,0.5,1.0
910,52.5,132.5,False,0,,,,,,0.0,0.0,0.5,1.0
911,52.5,137.5,False,0,,,,,,0.0,0.0,0.5,1.0
912,52.5,142.5,False,0,,,,,,0.0,0.0,0.5,1.0
913,52.5,147.5,True,1034,kur,548.6480879510798,63.75401526084828,45.27283836878337,16.598628752051486,0.9638005983784401,0.10336973229031284,0.5373279503270878,1.0038585802322573
914,52.5,152.5,True,7665,kur,372.1499800677436,53.04603837880043,37.9065931299261,16.28871923151753,0.9882663154456176,0.10663963063006537,0.18361109624983446,0.966260404168631
915,52.5,157.5,True,9810,kur,145.02780591214636,35.629842763369766,37.009017424783195,14.635946323956103,0.972326648399095,0.12436670234711074,0.10402265358233184,0.9507536032218751
916,52.5,162.5,True,3579,kur,19.199783810703448,11.464445652329712,26.976639000041974,10.719821742967616,0.9840316388126712,0.2149404664914739,0.08284904135714499,0.9103373783519392
917,52.5,167.5,True,1707,alu,10.849560218936224,5.711959422188602,126.55581572402815,6.1353453843862145,0.9601094813897033,0.3466438369163043,0.19448052655764161,0.894093557473292
918,52.5,172.5,True,3672,alu,32.34269722887757,20.181059348199174,126.49812688136353,14.858806999504516,0.9592594631832951,0.12485102833106826,0.5425841271014122,1.0053166720591922
919,52.5,177.5,True,3922,alu,48.474674856458066,26.879791835849275,103.2313853179762,17.6332717010313,0.9698369658090268,0.0884536640031216,0.5792698759144081,1.007011710969702
920,57.5,-177.5,False,0,,,,,,0.0,0.0,0.5,1.0
921,57.5,-172.5,False,0,,,,,,0.0,0.0,0.5,1.0
922,57.5,-167.5,True,86,alu,186.59647689760635,58.61567129509196,65.50759971532908,20.104043478591965,0.9963495219992605,0.0735932260873187,0.6910956818640053,1.014063347719728
923,57.5,-162.5,True,2509,alu,135.00251508018565,45.72232265852815,63.92617044317626,20.414448126551537,0.9665753342424768,0.06713478970333402,0.5421176800794659,1.0028275615949271
924,57.5,-157.5,True,6532,alu,78.38313471154473,31.394755577844023,47.29697913131431,17.24330665000132,0.9693779405131869,0.09542612271043441,0.1376351733612454,0.9654209295872249
925,57.5,-152.5,True,8377,alu,27.908717691147018,11.468505391546497,49.40557849604883,14.302864820467803,0.7171954652351339,0.09365807348519634,0.0777900742796723,0.9604566317507063
926,57.5,-147.5,True,4124,alu,12.433994669896052,4.120505484761728,44.794942354681766,10.29962321924806,0.8527380653141595,0.18577572033588838,0.03268918078489625,0.91318499593956
927,57.5,-142.5,True,73,alu,12.809797460978787,4.361942819398568,46.05366306005315,10.340008484132712,0.917948855662934,0.25555467142790234,0.030320689198866203,0.8799712580517326
928,57.5,-137.5,True,237,alu,2.2663908965477253,2.609216914523879,163.42656734712727,4.27988603044642,0.8260439480503109,0.41030407372129774,0.0703423485978901,0.823709715324189
929,57.5,-132.5,False,0,,,,,,0.0,0.0,0.5,1.0
930,57.5,-127.5,False,0,,,,,,0.0,0.0,0.5,1.0
931,57.5,-122.5,False,0,,,,,,0.0,0.0,0.5,1.0
932,57.5,-117.5,False,0,,,,,,0.0,0.0,0.5,1.0
933,57.5,-112.5,False,0,,,,,,0.0,0.0,0.5,1.0
934,57.5,-107.5,False,0,,,,,,0.0,0.0,0.5,1.0
935,57.5,-102.5,False,0,,,,,,0.0,0.0,0.5,1.0
936,57.5,-97.5,False,0,,,,,,0.0,0.0,0.5,1.0
937,57.5,-92.5,False,0,,,,,,0.0,0.0,0.5,1.0
938,57.5,-87.5,False,0,,,,,,0.0,0.0,0.5,1.0
939,57.5,-82.5,False,0,,,,,,0.0,0.0,0.5,1.0
940,57.5,-77.5,False,0,,,,,,0.0,0.0,0.5,1.0
941,57.5,-72.5,False,0,,,,,,0.0,0.0,0.5,1.0
942,57.5,-67.5,False,0,,,,,,0.0,0.0,0.5,1.0
943,57.5,97.5,False,0,,,,,,0.0,0.0,0.5,1.0
944,57.5,102.5,False,0,,,,,,0.0,0.0,0.5,1.0
945,57.5,107.5,False,0,,,,,,0.0,0.0,0.5,1.0
946,57.5,112.5,False,0,,,,,,0.0,0.0,0.5,1.0
947,57.5,117.5,False,0,,,,,,0.0,0.0,0.5,1.0
948,57.5,122.5,False,0,,,,,,0.0,0.0,0.5,1.0
949,57.5,127.5,False,0,,,,,,0.0,0.0,0.5,1.0
950,57.5,132.5,False,0,,,,,,0.0,0.0,0.5,1.0
951,57.5,137.5,False,0,,,,,,0.0,0.0,0.5,1.0
952,57.5,142.5,False,0,,,,,,0.0,0.0,0.5,1.0
953,57.5,147.5,False,0,,,,,,0.0,0.0,0.5,1.0
954,57.5,152.5,True,280,kur,568.2939019579138,61.54615086705999,36.92317116938657,16.204189781693657,0.9448130966682415,0.10257686754131166,0.3554144449815717,0.9851688666744877
955,57.5,157.5,True,1049,kur,267.8922047469483,62.01262062631645,32.6289833316162,14.673558019132502,0.8780205548550767,0.11900838236381725,0.22273610442058153,0.967003272299203
956,57.5,162.5,True,2381,kur,66.21251417819207,29.02602850367615,29.8730270668623,16.365007599267585,0.959016239168791,0.09778683292975947,0.1204562996015725,0.9628856235795963
957,57.5,167.5,True,577,alu,16.6520389748204,7.927302567888164,117.7829973859667,9.779265712868686,0.9196294403112286,0.24092747726094665,0.26616918042826526,0.9436637305347224
958,57.5,172.5,False,0,,,,,,0.0,0.0,0.5,1.0
959,57.5,177.5,False,0,,,,,,0.0,0.0,0.5,1.0
